URL,Name,Price,Rating,Reviews,Acin,Description
https://www.amazon.in/Skybags-Brat-Black-Casual-Backpack/dp/B08Z1HHHTD,Skybags Brat Black 46 Cms Casual Backpack,669,4.1,5534.0,B08Z1HHHTD,Not responding
https://www.amazon.in/American-Tourister-AMT-SCH-02/dp/B07CJCGM1M,American Tourister Fizz Large Size 32 Ltrs Casual Backpack (BLACK),"1,199",4.0,55280.0,B07CJCGM1M,"['Laptop Compatibility: No, Strap Type: Adjustable, Trolley Support: No. With Rain Cover : No', 'Outer Material: Polyester, Color: Black', 'Water Resistance: Water resistant , not Waterproof', 'Capacity: 32 liters; Dimensions: 31.5 x 22 x 49.5 Centimeters', 'Number of Wheels: 0, Number of compartments: 3', 'Warranty type: Manufacturer; 1 year International warranty valid for 1 year from the original date of', 'Mesh pockets on both sides to accommodate your sipper or bottle and umbrella', 'Mesh Padding on back & shoulder strap to provide comfort & better back support']"
https://www.amazon.in/Half-Moon-Backpack-Luggage-Compartment/dp/B09VCLZ3K4,Half Moon Large 37L Laptop Bag Backpack for menं Women Boys and Girls Luggage Travel Bags with 17.3 inches Laptop Compartment & Rain Cover,849,3.9,3451.0,B09VCLZ3K4,Not responding
https://www.amazon.in/Half-Moon-Waterproof-Backpack-Students/dp/B085MHDJ93,"Half Moon 35 Ltrs Water Resistant 15.6 inch Laptop Bag for Men/Backpack for Men, Navy Blue | Office Bag for Men/Office Bag for Women with Padded Laptop Compartment | Rain Cover & Reflective Strips",649,3.9,16975.0,B085MHDJ93,"['Care Instructions: Hand Wash Only', 'SPACIOUS AND LIGHTWEIGHT: Light weight & spacious laptop bag for men comes with 3 compartments. One is for carrying laptop inside (Upto 17""), with padding for safety, and space for laptop accessories like charger, etc. Second compartment of office bag for men is for books, files & all your day to day essentials. And third compartment of backpack for men is for your extra stuff. Laptop backpacks for men has provision for holding bottles on both sides & has padded shoulder straps for your comfort', 'COMFORT WITH QUALITY: This backpack for men has Wide, Padded & Adjustable shoulder straps & Padded Back for comfort in carrying heavy items. The laptop bag for men is stitched properly & Bartacks on every pressure point for extra durability. The office bag for men are made with strong yet light weight polyester fabric with heavy zippers. College Bags for men also comes with a Rain cover so that you can travel during rainy season without any problem. This laptop bag can be used by everyone.', 'SMART & TRENDY LOOKS: This Large backpack for men is smart, trendy and stylish in looks. The multipurpose college bags for men looks smart, athletic and venturesome and the blend of grey and red makes it appear exquisite. Your hiking trips, mountaineering experience cannot get completed without this amazing trekking backpack. PREMIUM FABRIC : Premium Polyester, Stylish and durable backpack for school /college and travel. Easily accommodate a laptop. Size: 45 cm X 31 cm X 22 cm', 'ENDURING & LONG LASTING LAPTOP BACKPACK: This trekking backpack for men/laptop bag for men is made up of highly durable material, which makes it suitable for all weather conditions including rains & extreme scorching heat. It will not only keep the inside stuff safe but will also resist damage to itself. We have designed the bag keeping your comfort in mind. Shoulder has high density padding, with 3D ventilated air foam padding to prevent sweating & to help you lift heavy objects easily.', 'OTHER FEATURES OF LAPTOP BAG FOR MEN: The office bag for men / office bag for women has Strong and durable zippers, Adjustable Shoulder Handles (Straps) , 2 Bottle/Umbrella holders , Padded Handle , Padded Laptop Compartment (can carry laptops of size 13, 14, 15.6 & 17 inches), Reflector Logo.']"
https://www.amazon.in/Safari-45L-21-OB-BLK/dp/B07BZ5VC4H,Safari Seek 45 Ltrs Overnighter Expandable Travel Laptop Backpack,"2,139",4.5,7390.0,B07BZ5VC4H,Not responding
https://www.amazon.in/Number-Backpack-Compartment-Charging-Organizer/dp/B09VTDMRY7,"FUR JADEN Anti Theft Number Lock Backpack Bag with 15.6 Inch Laptop Compartment, USB Charging Port & Organizer Pocket for Men Women Boys Girls",679,4.0,5627.0,B09VTDMRY7,Not responding
https://www.amazon.in/TRUE-HUMAN-Anti-Theft-backpack-charging/dp/B09QJ7ZF2Y,TRUE HUMAN EMPEROR® Anti-Theft backpack With USB charging Port Laptop bag/Office bag/college bag/travel bag with anti -theft back pocket (LEGEND),599,3.7,2464.0,B09QJ7ZF2Y,"['Care Instructions: Hand Wash Only', 'Ease of Access-Multi purpose pockets Super sorted stuff It has a vibrant and stylish design, along with the added benefit of spacious interiors.', 'Anti - Theft Pocket-Hidden storage pocket for important documents like passports, tickets, cash while on the go.', 'Integrated Fast charging port-Unique pre-fitted USB port helps you to easily connect your phone or any other device with your power bank. Charging system for smart devices , with free USB (power bank not included )', 'Care Instructions: Wipe with Dry Cloth', 'Superior & Durability: Made of durable and Eco-friendly water resistant oxford textile fabric,which keeps your files and stuffs dry inside. This backpack can hold up to 15.6"" laptop from most brands, but it may not be suitable for all brand 15.6"". Since there maybe exist slight size difference among different laptop brands.']"
https://www.amazon.in/Half-Moon-Resistant-Backpack-Compartment/dp/B0BJ32LQ6X,Half Moon Large 37L Laptop Bag Backpack for menं Women Boys and Girls Luggage Travel Bags with 17.3 inches Laptop Compartment & Rain Cover,849,3.9,3451.0,B0BJ32LQ6X,Not responding
https://www.amazon.in/Police-Polyester-laptop-casual-backpack/dp/B09CQ5T3LN,POLICE Backpack for Men Casual Laptop Bag Office/Travel/College 30 Ltr Hedge Polyester - Black,"1,399",4.1,5857.0,B09CQ5T3LN,Not responding
https://www.amazon.in/FUR-JADEN-Leatherette-Polypropylene-DUFF05/dp/B07M9BRCQ5,Fur Jaden Brown Textured Leatherette Stylish & Spacious Weekender Duffle Bag for Travel,899,4.3,6515.0,B07M9BRCQ5,Not responding
https://www.amazon.in/Rucksack-Travel-Backpack-Trekking-Compartment/dp/B07YDGQQN5,"Fur Jaden 55 LTR Rucksack Travel Backpack Bag for Trekking, Hiking with Shoe Compartment",849,4.3,5607.0,B07YDGQQN5,Not responding
https://www.amazon.in/Backpack-Small-Black-Water-Repellant/dp/B088XB5XY8,"Mi Step Out 12 L Mini Backpack (Small Size, Black, Water Repellant)",249,4.1,9712.0,B088XB5XY8,"['Made of multi-coated 600D polyester Material ; Water Repellent', 'Dimension: 26cm x 38cm x 14cm (LxWxH); Weight : 200 grams; Capacity: 12liters', 'Small Size backpack; Laptop Compatibility: No', 'This backpack comes with 2 zipper pockets that can house a notebook, gym gear, travel essentials and more', 'With contra zippers and adjustable straps this light weight backpack is the ideal companion while at the airport or hitting the gym or exploring new city or using it as a carrier for books', '6 months limited warranty']"
https://www.amazon.in/GEAR-Black-Blue-Backpack-years/dp/B019HA8AYG,Gear CarryOn 16L Foldable Water Resistant School Bag//Backpack/College Bag for Men/Women - Blue Black,199,3.7,7059.0,B019HA8AYG,Not responding
https://www.amazon.in/Gear-Classic-Leather-Backpack-LBPCLSLTH0201/dp/B07G4F6XFH,Gear Classic 20L Small Size Faux Leather Water Resistant Anti Theft Unisex Laptop Backpack- Brown,979,4.4,6041.0,B07G4F6XFH,"['Care Instructions: Hand Wash Only', 'Outer material: synthetic, color: brown', 'Waterproof', 'Capacity: 20 liters; Weight: 560 grams; Dimensions: 48 cms x 32 cms x 14 cms (LxWxH)', 'Number of compartments: 2', 'Laptop compatibility: yes, laptop size: 16strap type: adjustable', 'Anti theft waterproof bag with anti sweat fabric on back and shoulder straps', 'USB and headphone cable slot', 'External bottle pocket', 'Concealed quick access Pockets on back panel ,Adjustable Anti sweat padded Shoulder straps , Padded Laptop sleeve,2 External Pockets, Padded Back Panel Cushioned with Anti Sweat Fabric,Embedded Organizer , USB and Headphone cable slot .']"
https://www.amazon.in/Wesley-Milestone-Waterproof-Backpack-Business/dp/B084JGJ8PF,Wesley Milestone 2.0 Casual Waterproof Laptop Backpack/Office Bag/School Bag/College Bag/Business Bag/Travel Backpack (Dimensions:13x18 inches) (Compatible with 39.62cm(15.6inch laptop) 30 L (Blue & black),588,4.3,12365.0,B084JGJ8PF,"['30L Capacity: The Backpack has a padded laptop compartment that can fit 15.6 inch laptop. It can also accommodate essentials such as a Lunch box, Charger, Tablet, Books, Power Bank, Wallet, and Sunglass.', 'Multi-Level Organizer: The backpack has a front zipper pocket for the ID card, Sanitizer, House keys, Pen. First compartment with pockets for the earphones, pens, notebook, Fitness Band. Spacious second compartment for all your electronics.', 'Ergonomic Design: Thick cushioning around the shoulders and on the back panel makes the backpack super light and comfortable on the move. “S” Shaped shoulder strap distribute the weight of the backpack across your upper body.', 'Made In India: Wesley Business Casual Backpack is fully manufactured in India and pass through stringent quality tests and checks', '1 Year Warranty: The Wesley Business casual backpack comes with 1 year of warranty', 'Water Resistant Material: Advanced IPX4 coating on the material ensures resistance to water entering from any direction.']"
https://www.amazon.in/American-Tourister-BACKPACK-COMPARTMENT-ORGANIZER/dp/B0BTD4FK9G,"American Tourister VALEX BLUE LAPTOP BACKPACK 28 Ltrs,Volume, LAPTOP COMPARTMENT, BOTTLE POCKET, FRONT ORGANIZER","1,399",4.2,674.0,B0BTD4FK9G,"['Care Instructions: Hand Wash Only', 'Well Organized compartment ,Security Back Pocket']"
https://www.amazon.in/SFANE-Duffel-Shoulder-Women-Compartment/dp/B07XXFB9CZ,Sfane Polyester 23cms Duffle/Shoulder/Gym Bag for Men & Women with Separate Shoe Compartment (Grey),387,4.3,7924.0,B07XXFB9CZ,"['Premium Durable Material - Travel duffel bag is made of high quality,durable material.', 'Separate Shoes Compartment - Built-in extra shoes compartment with exterior zippers to keep your shoes and clean sport gears separate.', 'Multi-Purpose & Any Occasions - Perfect Duffle Bag for hiking, family holiday, vacation, sports, a short trip, gym, work, beach, used as a overnight bag, a short journey bag, a weekender bag, gym bag, sports duffel bag.', 'Adjustable Shoulder straps - Comfortable and adjustable shoulder strap', 'Abundance of Storage - Large capacity,meet your requirement for sure and keep your stuff in order. What an amazing design for Sport Bag!']"
https://www.amazon.in/Fur-Jaden-Black-Waterproof-Backpack/dp/B078GLXMDY,FUR JADEN Anti Theft Backpack 15.6 Inch Laptop Bag with USB Charging Port For Men Women Boys Girls,839,4.0,13943.0,B078GLXMDY,Not responding
https://www.amazon.in/ADISA-Laptop-Backpack-Office-College/dp/B09TPX22NF,ADISA 15.6 inch laptop backpack office bag college travel back pack 32 Ltrs,499,3.9,1155.0,B09TPX22NF,"['Care Instructions: Wipe with Damp Cloth', 'Material: Water Resistant Light-Weight Polyester<br>', 'Compartments: 2 with padding; Laptop Size: 15.6 inch and below<br>', 'Dimensions: LxWxH - 12.5 x 7.5 x 19 inches<br>', 'Reflector Logo / Adjustable Padded Shoulder Straps / 2 Bottle holders<br>', 'Closure Type: Zipper<br>']"
https://www.amazon.in/Half-Moon-Backpack-Spacious-Multiple/dp/B0C23Z9W18,Half Moon Aztec 37L School Bag Class 5-12 | College Bagpack for Men/College Back pack for Women | 15.6 inch Laptop Bag for Men/Backpack for Men | Spacious & Multiple Pockets,649,3.6,236.0,B0C23Z9W18,"['This lightweight and spacious laptop bag with 3 compartments contains a dedicated 360 degree protected laptop compartment (up to 17""), so you can you can transport your tech with peace of mind. A Spacious second compartment for essentials like books and files, and a third compartment for extra items. Also features padded shoulder straps and side pockets for water bottles.', ""Carry your books and belongings with ease with this comfortable and durable bagpack! Featuring wide, padded, and adjustable shoulder straps and a padded back, this backpack can handle even heavy loads. Made with strong yet lightweight polyester fabric and heavy-duty zippers, it's built to last. Plus, it comes with a rain cover, perfect for those rainy school or college days."", 'Make a statement on your next trip with our smart and stylish backpack! With a trendy and athletic design, this multipurpose backpack is the perfect combination of style and adventure. Your trips, travel experience cannot get completed without this amazing trekking backpack.', ""Experience enduring and long-lasting performance with our backpack! Made with highly durable material, this backpack is suitable for all weather conditions, including heavy rains and extreme heat. It not only keeps your belongings safe but also resists damage to itself. So, don't settle for anything less."", 'FEATURES: 15.6 inch Laptop compartment, Internal Organiser, Strong and durable zippers, Adjustable Shoulder Handles (Straps) , 2 Bottle/Umbrella holders , Padded Handle , Padded Laptop Compartment , Ergonomic Design, etc']"
https://www.amazon.in/Lenovo-15-6-Inches-Everyday-Backpack/dp/B08R7RPVJF,"Lenovo 15.6"" (39.62cm) Slim Everyday Backpack, Made in India, Compact, Water-resistant, Organized storage:Laptop sleeve,tablet pocket,front workstation,2-side pockets,Padded adjustable shoulder straps",399,4.3,4224.0,B08R7RPVJF,"['Slim, compact & sturdy: Minimal and compact design for professionals: Joint material design, durable, water-resistant polyester material. The padded shoulder straps, handle, and back panel provides protection and all-day comfort', 'Smooth zippers that never jam or break', 'Style meets Function: Minimal & compact design, stores and protects laptops up to 15.6-inches. Ideal for students and professionals looking for a stylish and compact backpack for daily use', ""Spacious storage with easy organization: Inside, you'll find a laptop sleeve, a tablet pocket, a roomy front workstation, and two side pockets for quick access to your other essentials""]"
https://www.amazon.in/Safari-Laptop-Backpack-Resistant-Fabric/dp/B09B25Z8M2,Safari Quill Large Laptop Backpack 26 Ltrs Water Resistant Fabric - Black,859,3.9,1029.0,B09B25Z8M2,"['Care Instructions: Hand Wash Only', '100% Polyester, High Quality, Durable and Water Resistant Fabric', '2 compartment backpack with a padded sleeve for laptops, can hold upto 17 inch laptop/notebook', 'Front storage pocket keeps smaller items neatly organized and easy to access', 'Mesh Padding on back & shoulder strap to provide comfort & better back support; 1-year International Warranty against manufacturing defects', 'Age Range Description: Adult; Closure Type: Zipper; Special Features: Lightweight']"
https://www.amazon.in/American-Tourister-BACKPACK-COMPARTMENT-ORGANIZER/dp/B0BTD4S4XF,"American Tourister VALEX BLACK LAPTOP BACKPACK 28 Ltrs,Volume, LAPTOP COMPARTMENT, BOTTLE POCKET, FRONT ORGANIZER","1,399",4.3,859.0,B0BTD4S4XF,"['Care Instructions: Hand Wash Only', 'Well Organized compartment ,Security Back Pocket']"
https://www.amazon.in/Safari-Laptop-Backpack-Resistant-Fabric/dp/B09B28TKLG,Safari Quill Large Laptop Backpack 26 Ltrs Water Resistant Fabric - Blue,859,4.0,777.0,B09B28TKLG,"['Care Instructions: Hand Wash Only', '100% Polyester, High Quality, Durable and Water Resistant Fabric', '2 compartment backpack with a padded sleeve for laptops, can hold upto 17 inch laptop/notebook', 'Front storage pocket keeps smaller items neatly organized and easy to access', 'Mesh Padding on back & shoulder strap to provide comfort & better back support; 1-year International Warranty against manufacturing defects', 'Special Features: Lightweight; Closure Type: Zipper; Age Range Description: Adult']"
https://www.amazon.in/ADISA-Casual-Backpack-College-BP046-NAV_Navy/dp/B0BX3QFVSM,ADISA 31 Ltrs Casual Backpack School College Bag Pack,399,3.9,208.0,B0BX3QFVSM,Not responding
https://www.amazon.in/WILDHORN-Backpack-Compartment-Business-Stitching/dp/B09QL66G55,"WILDHORN 31L Laptop Backpack for Men/Women I Fits upto 15.6"" Laptop I Waterproof I Travel/Business/College Bookbags",599,4.1,1614.0,B09QL66G55,Not responding
https://www.amazon.in/ADISA-BP005-Weight-Casual-Backpack/dp/B07F3X45WZ,ADISA Light Weight Laptop Backpack 32 Ltrs,499,4.0,6090.0,B07F3X45WZ,"['Care Instructions: Hand Wash Only', 'Adjustable Shoulder Handles / Two Bottle holders / Padded Handle / Reflector Logo', 'Dimensions : LxWxH- 31 x 18 x 47 cms', 'Laptop : 15.6 inches and below (Bigger than 15.6 not recommended)', 'No. of Compartments : 3 with full padding', 'NOT INCLUDED : NO RAIN COVER, Laptop, Headphones & Cable (Images only for display)']"
https://www.amazon.in/FATMUG-Laptop-Bag-Men-Convertible/dp/B084LF4RT5,"FATMUG Laptop Bag For Men - Convertible Backpack For Office And Travel (Dark Grey,Oxford Fabric)","1,699",4.4,2318.0,B084LF4RT5,Not responding
https://www.amazon.in/FUR-JADEN-Backpack-Accessories-Organiser/dp/B0BSHBH9K2,"FUR JADEN 15.6 Inch Smart Laptop Backpack Bag With USB Charging Port, Anti Theft Pocket and Accessories Organiser for Men Women Boys Girls","1,329",4.1,697.0,B0BSHBH9K2,Not responding
https://www.amazon.in/WILDHORN-Backpack-Compartment-Business-Stitching/dp/B09QL81ZHB,"WILDHORN 31L Laptop Backpack for Men/Women I Fits upto 15.6"" Laptop I Waterproof I Travel/Business/College Bookbags",599,4.1,1614.0,B09QL81ZHB,Not responding
https://www.amazon.in/Arctic-Fox-Liters-String-Backpack/dp/B08L6Q9V1H,Arctic Fox 15 Liters Draw String Bag Lavender Backpack,209,4.2,3525.0,B08L6Q9V1H,"['Care Instructions: Machine Wash', 'Compartments : 1 Compartment and 1 front pocket :: Zipper : #5 SBS Nylon Zipper and Runner Puller', 'Included Items :: Drawstring Backpack']"
https://www.amazon.in/Gear-Black-Laptop-Backpack-LBPASPIRE0104/dp/B075MK4TXP,Gear Aspire 30L Water Restant Office Laptop Bag/Backpack for Men/Women/(Black),"1,115",4.3,6112.0,B075MK4TXP,"['Care Instructions: Hand Wash Only', 'Outer Material: Polyester, Color: Black', 'Water Resistance: Water resistant', 'Capacity: 30 liters; Dimensions: 50 cms x 34 cms x 18 cms (LxWxH); Number of compartments: 2', 'Laptop Compatibility: Yes, Laptop Size: 17, Strap Type: Adjustable,', 'Closure Type: Zipper; Pocket Description: Utility Pocket; Special Features: Laptop Compartment; Age Range Description: Adult; Style Name: Traditional Backpacks']"
https://www.amazon.in/AirCase-C34-Laptop-Backpack-Women/dp/B07QL8633G,"AirCase Laptop Bag Backpack Case Pouch for Laptop Backpack for Men & Women,Premium Vegan Leather",929,3.9,1095.0,B07QL8633G,"['Innovative Design: AirCase Laptop Backpack is made of Premium Vegan Leather for your 15.6 Inch Laptop. This Laptop Backpack has 2 Front Pocket and 2 Main Compartment for Laptop, Tablet and other Main compartment for wallets dairy, clothes, etc. There is two way Cortical Tail Zipper with leather pull tail, Fashionable and Novel, keeping up with the current trend.', 'Large Storage: There is 2 Main Compartment One for 15.6 inch Laptop, Tablet with a secure Velcro closure and other for main compartment for your other belonging like Cloth, Wallet, Book, Diary, etc. There is also 2 front zipper pocket for Mobile, Charger, Power Adapter, Cable, Power Bank, Keys etc.convenient to carry at school college office travelling for students boys girls', 'Light weight & Durable: It is made of Premium Vegan Leather for 15.6 inch laptop. Ruggedized water-resistant base helps to protect from the elements. Water Resistant Base which protect your belonging from getting wet. waterproof latest smart stylish spacious rucksack luggage tourist travel bagpack.', 'Shoulder Straps: Breathable Mesh Padding at back which is design for back relief and shoulder straps for extra comfort with adjustable side straps for a better fit.', 'Specifications:- Work with -15.6"" Laptops and Under, CAPACITY- 22L, DIMENSIONS – 46-cm X 29-cm X 19-cm, WEIGHT - 0.58 kg, WARRANTY – 1 Year under Manufacturing Defect Only.']"
https://www.amazon.in/SAFARI-Ltrs-Casual-Backpack-DAYPACKNEO15CBSEB/dp/B07Q7CNPMV,Safari Compact Size 15 Ltrs Casual Backpack For Unisex Adult - Sea Blue,329,4.0,20500.0,B07Q7CNPMV,"['Care Instructions: Hand Wash Only', 'Outer Material: Polyester, Color: Sea Blue', 'Not water resistant. With Rain Cover:No', 'Capacity: 15 liters; Weight: 200 grams; Dimensions: 12 cms x 27 cms x 41 cms (LxWxH)', 'Number of compartments: 2; Laptop Compatibility: No', 'Age Range Description: Kid; Closure Type: Drawstring; Pocket Description: Utility Pocket', 'Drawstring, 2 Compartments, Compact Size']"
https://www.amazon.in/ADISA-Laptop-Backpack-Office-College/dp/B0BPTV3795,ADISA 32L large laptop backpack office bag college travel back pack with rain cover,599,3.9,322.0,B0BPTV3795,"['Material: Water Resistant Strong Polyester', 'Compartments: 2 with padding', 'Laptop Size: 15.6 inch and below', 'Dimensions: LxWxH - 11 x 6 x 18 inches', 'Reflector Logo / Adjustable Padded Shoulder Straps / 2 Bottle holders / Padded Top Handle / Rain Cover']"
https://www.amazon.in/Zebronics-TechshieldA1-Compartment-15-6-inch-Polyester/dp/B0C6QV9GCY,"Zebronics TechshieldA1, 18 Liters, 1 Compartment Laptop Backpack and Front Pocket, fit Up to 15.6-inch Laptop, Polyester Fabric, Office Use and Mini Business Travel Bags (Light Grey)",599,5.0,4.0,B0C6QV9GCY,"['The Zebronics Techsheild A1 backpack comes with 2 compartments,adjustable shoulder straps,side mesh for keeping bottle.', 'The backpack contains a unique secret pocket on the backside of the backpack.', 'It contains spacious front pocket that can accommodate your belonging efficiently.', 'You can keep assets you need for immediate access.Also it contains a safe laptop compartment when you can keep a 15.6inch laptop or smaller ones easily.', ""It's water-resistant, good quality zipper, light weight."", 'It has a Padded Adjustable Shoulder Straps and a trolley support strap for maximum comfort and to make your travel journey']"
https://www.amazon.in/Gear-Training-Travel-Duffel-DUFCRSTNG4314/dp/B098FG3GVX,Gear Polyester 23 Cms Travel Bag(DUFCRSTNG4314_Khaki),478,4.1,562.0,B098FG3GVX,"['Ergonomically Designed : Spacious with Multiple Pockets : Intuitive Access : Lightweight : Easily Adjustable Shoulder Strap : Cushioned Grab Handle : Padded Base', '3 External Zippered Pockets : 1 Mesh Stash Pocket', 'Outer material type: Polyester', 'item weight: 340.0 grams']"
https://www.amazon.in/Safari-Laptop-Backpack-Compartments-Resistant/dp/B09B27S9SG,"Safari Tribe 35 Ltrs Large Laptop Backpack with 3 Compartments, Water Resistant Fabric - Black (TRIBE19CBBLK)","1,109",3.8,1714.0,B09B27S9SG,Not responding
https://www.amazon.in/Number-Backpack-Compartment-Charging-Organizer/dp/B09VTC876Z,"FUR JADEN Anti Theft Number Lock Backpack Bag with 15.6 Inch Laptop Compartment, USB Charging Port & Organizer Pocket for Men Women Boys Girls",670,4.0,5627.0,B09VTC876Z,Not responding
https://www.amazon.in/LOOKMUSTER-Waterproof-Backpack-College-Business/dp/B0BS6YGKMC,LOOKMUSTER Casual Waterproof Laptop Backpack/Office Bag/School Bag/College Bag/Business Bag/Travel Backpack…,613,3.9,45.0,B0BS6YGKMC,Not responding
https://www.amazon.in/Motherly-Stylish-Babies-Diaper-Mothers/dp/B07DMKJJB4,motherly Stylish Babies Diaper Bags for Mothers - Economical Version (Grey and Pink),"1,799",4.6,5923.0,B07DMKJJB4,"['The bag dimensions are: 39.5 cm x 26 cm x 20 cm, Weight: 750 gm.', 'Exteriors & Interiors: 3 LAYERED PROTECTION. Waterproof Oxford Fabric (BPA-free), Innermost PU layer (for strength & stability), Sandwiched nylon fibers.', 'Highlights: 13 well-sized pockets for storage and organization, roomy main section, three 14 cm x 8.15 cm insulated milk bottle pockets, separate dry and wet sections, anti-theft back pocket, front and back openings for easy accessibility, key chain clip, D-rings for hands-free usability, adjustable 5-cm wide cushioned back straps.', ""What's new: Carefully selected fabric and high-quality hardware (zippers, rivets, gauge buttons) after extensive research. Lightweight design that doesn't compromise durability, ensuring it can sustain heavy weight without adding bulk."", 'Care instructions: Hand wipe with a damp cloth using a mild cleanser, avoid bleach, and do not iron.']"
https://www.amazon.in/AUXTER-BLACKY-Duffel-Emboss-Black/dp/B07F2H25NP,AUXTER Faux Leather 23 Cms Duffle Bag(AUX_GB_LE_Black -SE__0521_Black),429,4.3,9298.0,B07F2H25NP,"['Material / Dimension : Outer Material - Premium leatherette Fabric, Inner Material – Soft Polyester, Size: 43 cm x 23 cm x 23 cm. (L x B x H), Color : Black', 'Capacity: 23 Liters, 1 Large Double Zip Closure Compartment, 1 external Mesh Organizer Pocket for the earphones, ID card, Sanitizer, House keys, Fitness Band. 1 Main Compartment for all your Gym Clothes, Gym belt, towel, Gym gloves, shaker, shoe Pair etc.', 'Design: Design with Self Embossed logo On the Premium Leatherette Heavy Quality Material. 3.8 Cm Wide and 125 cm Long Adjustable Handle and Double side easy carry handle.', 'Manufacturing & Warranty: This Product is made in INDIA By “The INDIAN KARIGAR “ and pass though the many quality checks and tests This Product is come With 1 year of Warranty.', 'Suitable: Auxter Black Gym Bag/ Duffel bag is suitable for gym, Day trip bag, casual round bag, travel bag is suitable for men women boys and Girls. This Bag is trending For Gift Purpose']"
https://www.amazon.in/AmazonBasics-Mini-Backpack-Outdoor-Black/dp/B0BRKFXT9Z,AmazonBasics - Mini Backpack for Outdoor Use (12 l) (Black),279,3.7,616.0,B0BRKFXT9Z,"['Small, trendy, multipurpose backpack to use for short hikes, trips or daily use', 'Made from denier polyester, which is highly durable and long-lasting', 'Contains 1 front and 1 main compartment to store notebooks, tablets and other essentials', 'Comes with adjustable open angles, advanced storage design and a quick-access front pocket to carry small items', 'Suitable for both men and women', 'Capacity: 12 l', 'Colour: Black']"
https://www.amazon.in/Lunars-V-Line-Resistant-Bagpack-College/dp/B08BP5CYDV,"Lunar's V-Line Backpack for Men, Blue | 35L Water Resistant School Bags for Boys | Stylish, & Durable | College Bags for Men/College Bag for Girls | 1 Yr Warranty",735,4.1,2687.0,B08BP5CYDV,Not responding
https://www.amazon.in/Zipline-Nexa-Resistant-Bagpack-Backpack/dp/B08WQ668WJ,Zipline Unisex Casual Polyester 36 L Backpack School Bag Women Men Boys Girls Children Daypack College Bag Book School Sports Bag,843,3.6,913.0,B08WQ668WJ,Not responding
https://www.amazon.in/TRUE-Emperor-Anti-Theft-backpack-charging/dp/B0BYB631NR,"TRUE HUMAN® Emperor Anti-Theft Pocket backpack With USB charging Port Laptop,office,college,travel bag for men and women(Epower)",599,3.6,264.0,B0BYB631NR,Not responding
https://www.amazon.in/Lavie-Sport-Duffle-Luggage-Trolley/dp/B097RJ22Q3,Lavie Sport Lino Large Size 63 cms Wheel Duffle Bag for Travel | Travel Bag with Trolley,"1,049",4.0,8327.0,B097RJ22Q3,Not responding
https://www.amazon.in/Wildcraft-Wolf_Blk-Casual-Backpack-11629-Wolf_Blk/dp/B079DDT65R,Wildcraft Nylon 44 Ltrs Casual Backpack (11629-Wolf_Black),"1,769",4.3,5876.0,B079DDT65R,"['Care Instructions: Hand Wash Only', 'Number of compartments: 3, Laptop Sleeve: Yes']"
https://www.amazon.in/Nivia-Deflate-5180BK-Polyester-Round/dp/B07222KX3S,NIVIA Deflate Round 01 Polyester Gym Bag/Unisex Gym Bags/Adjustable Shoulder Bag for Men/Duffle Gym Bags for Men/Carry Gym Accessories/Fitness Bag/Sports &Travel Bag/Gym kit Bag (Black),459,4.2,7604.0,B07222KX3S,"['Strong stitching at major stress points provide long-lasting durability against daily activities', 'Main compartment with zip closure', ""Lightweight and fold-able, It's easy to fold up into small compact space."", 'Can be folded and inserted in the inner pocket with double sided runner', 'Optimum quality of accessories and zipper for smoother functioning and high durability', 'Bag Capacity - 19.5 Ltrs']"
https://www.amazon.in/Genie-Flamenco2-Backpack-Compatible-Resistant/dp/B08YF9VHTY,Genie Flamenco2 Casual Backpacks for Women,733,4.3,1558.0,B08YF9VHTY,"['Made with High Quality fabric. Outer material: Nylon Twill - Soft, Durable and Water Resistant! Capacity: 13 liters, Weight: 355 g, Dimensions: 29 x 35.5 x 13 cm Warranty: 12 months', 'Spacious compartment with Tablet sleeves: To have entertainment & work, on the Go! One side pocket: For holding water bottle, clipping pens or pencil or storing other items. Easily accessible front pocket: To keep all your essentials such as wallet, ticket, cosmetics.', ""Padded and Ergonomic Shoulder Straps: There is padded back mesh and ergonomic straps that gives extra spine and shoulder support and helps in minimizing the load after carrying the bag through a busy day at campus.This women's backpack can be carried to work, college, school, for a day out or even while you are travelling!"", 'Light Weight yet Durable to resist the weight of textbooks, stationary, lunch boxes. Can store all your college or office stationary, without any hassle.', ""Stylish & Cute: This bag is designed for those Millennials and GenZ, who aren't afraid to compromise on Utility or Fashion! It is a perfect, small bag to carry all the daily essentials while using it as a trendy accessory, or a travel bag or as a college backpack.""]"
https://www.amazon.in/Nelle-Harper-Womens-Sling-Green/dp/B07JGQM7DC,Nelle Harper Women's Handbag,959,3.7,1924.0,B07JGQM7DC,Not responding
https://www.amazon.in/LOOKMUSTER-Waterproof-Backpack-College-Business/dp/B0BZW8KW18,LOOKMUSTER (15.6 inch 30 L Casual Waterproof Laptop Backpack/Office Bag/School Bag/College Bag/Business Bag/Unisex Travel Backpack,439,3.7,55.0,B0BZW8KW18,"['Care Instructions: Machine Wash', 'COMFORT WITH QUALITY: This casual bag has Wide, Padded and Adjustable shoulder straps and Padded Back for comfort in carrying heavy items. Stitched properly and Bartacks on every pressure point for extra durability.', 'Made with strong yet light weight polyester fabric with heavy zippers. Serves the need of a professional office laptop bag, college bag, student backpack, school bag and is suitable for all, i.e. boys, girls, men? and women?', 'Compact and lightweight travel backpack', 'laptop backpack with 3 compartments.', 'Light weight and spacious']"
https://www.amazon.in/Safari-Spartan-Water-Resistant-Backpack/dp/B09B26MB5M,"Safari Spartan 21 Ltrs Water Resistant Backpack - Blue, S (SPARTAN19CBBLU)",609,3.8,974.0,B09B26MB5M,Not responding
https://www.amazon.in/Wildcraft-Green-Casual-Backpack-11650-Green/dp/B079DV66TY,Wildcraft 29.5 Ltrs Green Casual Backpack (11650-Green),990,4.1,401.0,B079DV66TY,"['Outer Material: Polyester, Color: Green', 'Capacity: 29.5 liters; Dimensions: 7.5 inches x 13 inches x 18.5 inches (LxWxH)', 'Number of compartments: 2', 'Warranty type: Manufacturer; 5 years manufacturer warranty is non-transferable and valid for 5 years from the original date of purchase']"
https://www.amazon.in/Safari-Casual-Backpack-Charging-Resistant/dp/B09B2581S9,"Safari Sneak Casual Backpack with USB Charging Port 26 Ltrs Water Resistant Fabric - Grey, L (SNEAK19CBGRE)",959,3.7,1054.0,B09B2581S9,Not responding
https://www.amazon.in/Skybags-Unisex-Gucci-Fabric-Backpacks/dp/B0B21XCFRM,Skybags Unisex Gucci Fabric Backpacks,809,3.9,407.0,B0B21XCFRM,Not responding
https://www.amazon.in/Nivia-6853-Polyester-Basic-Duffle/dp/B07FWQ9HRV,NIVIA Basic Duffle Polyester Bag/Gym Bags/Adjustable Shoulder Bag for Men/Duffle Gym Bags for Men/Fitness Bag/Carry Bags/Sports & Travel Bag/Sports Kit/Duffle Bags Travel,269,4.0,3846.0,B07FWQ9HRV,Not responding
https://www.amazon.in/Safari-Sheild-Resistant-Casual-Backpack/dp/B09B28M2RN,Safari Sheild 26 Ltrs Water Resistant Casual Backpack - (SHEILD19CBBLK),709,4.0,560.0,B09B28M2RN,Not responding
https://www.amazon.in/Gear-Vintage2-Leather-Backpack-LBPVG2LTH0501/dp/B07G4HH78P,Gear Vintage2 28L Medium Size Faux Leather Water Resistant Anti Theft Unisex LaptopBackpack- Navy,969,4.4,3352.0,B07G4HH78P,"['Care Instructions: Hand Wash Only', 'Outer material: Synthetic, color: navy; Waterproof', 'Capacity: 28 liters; Weight: 600 grams; Dimensions: 48 cms x 33 cms x 18 cms (LxWxH)', 'Number of compartments: 2', 'Laptop compatibility: Yes, laptop size: 16strap type: adjustable', 'Pocket Description: Utility Pocket; Style Name: Traditional Backpacks; Closure Type: Zipper; Age Range Description: Adult; Special Features: Back Padding', 'Concealed quick access Pockets on back panel ,Adjustable Anti sweat padded Shoulder straps , Padded Laptop sleeve,3 External Pockets, Padded Back Panel Cushioned with Anti Sweat Fabric,Embedded Organizer , USB and Headphone cable slot .']"
https://www.amazon.in/Safari-Spartan-Water-Resistant-Backpack/dp/B09B277CR5,"Safari Spartan 21 Ltrs Water Resistant Backpack - Teal, S (SPARTAN19CBTEA)",609,3.8,958.0,B09B277CR5,Not responding
https://www.amazon.in/ZIPLINE-Polyester-Backpack-Children-Daypack/dp/B07XVMR33Q,Zipline Unisex casual polyester 36 L Backpack School Bag Women Men Boys Girls children Daypack College Bag Book School Sports Bag Weekend Bag,843,4.0,6345.0,B07XVMR33Q,Not responding
https://www.amazon.in/Gear-Beige-Casual-Backpack-BKPTRMP520522/dp/B00VWM11HQ,Gear Triumph Summer Print 26L Water Resistant Backpack with Rain Cover/School Bag/College Bag/Daypack/Casual Backack for Girls/Women (Blue-Beige),797,4.2,5724.0,B00VWM11HQ,"['Outer Material: Polyester, Inner Material: Polyester, Color: Navy Blue and Beige; Anti-sweat fabric on inner-side of shoulder straps', 'Wear Resistant: Wearproof, Water Resistance: waterproofDimensions: 32 cms x 18 cms x 47 cms (LxWxH)', 'Capacity: 26 liters, Weight: 0.534 Kg', 'Number of compartments: 3; Strap Type: Adjustable', 'Age Range Description: Adult; Pocket Description: Utility Pocket; Style Name: Traditional Backpacks; Closure Type: Zipper; Special Features: Back Padding']"
https://www.amazon.in/ROZEN-School-partition-Collage-Backpack/dp/B0BRTDXVZC,"ROZEN 47 Ltrs, 46 cms School Bag Class 5-12 Large 5 partition Laptop Collage Office Travel Backpack Unisex",697,4.0,205.0,B0BRTDXVZC,Not responding
https://www.amazon.in/Martucci-Casual-Travelling-Laptop-Backpack/dp/B088B4P6ZW,Martucci 15.6 inch 30 L Casual Waterproof Laptop Backpack/Office Bag/School Bag/College Bag/Business Bag/Unisex Travel Backpack(Black),549,3.9,7770.0,B088B4P6ZW,Not responding
https://www.amazon.in/Genie-Miami-litres-Casual-Backpack/dp/B07SRGGGNC,"Genie Miami Laptop Backpack for Women,Tuition bag, 16 inches Office Bag, Sky Blue Stylish and Trendy Bag for Office and College",803,4.2,1487.0,B07SRGGGNC,"['Outer Material : Nylon, Color: Pink, Water Resistant', 'Dimensions: 29.5x41.5x14.5 cm (LxWxH), Capacity: 18 Litres, Number of compartments: 1, Laptop Compatibility: Yes, Laptop Size: 15.6 inch', 'Warranty: 12 months manufacturer warranty, Weight: 405 gms', 'Quick Access Front Pocket, One side Pocket, Fully Lined', 'Feather Light']"
https://www.amazon.in/Nivia-5183-Polyester-Duffle-Medium/dp/B071KNXQ7Y,NIVIA Beast Gym Bag-4 Polyester/Unisex Gym Bags/Shoulder Bag for Men & Women with Separate Shoes Compartment/Carry Gym Accessories/Fitness Bag/Sports & Travel Bag/Sports Kit,499,4.2,3505.0,B071KNXQ7Y,"['Highly water-resistant finish to save inner items from water splashes', 'Adjustable shoulder strap', 'Top grab handle', 'Optimum quality of accessories and zipper for smoother functioning and high durability', 'Durable zippers and enhanced by strong stitching at major stress points provide long-lasting durability against daily activities']"
https://www.amazon.in/DZert-Panda-School-Backpacks-Cartoon/dp/B07WSBV3BN,DZert Kids School Bag Soft Plush Backpacks Cartoon Boys Girls Baby (2-5 Years),249,3.7,12105.0,B07WSBV3BN,Not responding
https://www.amazon.in/Step-Backpack-Small-Water-Repellant/dp/B088XG77KN,"Mi Step Out 12 L Mini Backpack (Small Size, Red, Water Repellant)",398,4.1,9712.0,B088XG77KN,"['Made of multi-coated 600D polyester Material ; Water Repellent', 'Dimension: 38cm x 26cm x 14cm (LxWxH); Weight : 200 grams; Capacity: 12liters', 'Small Size backpack; Laptop Compatibility: No', 'This backpack comes with 2 zipper pockets that can house a notebook, gym gear, travel essentials and more', 'With contra zippers and adjustable straps this light weight backpack is the ideal companion while at the airport or hitting the gym or exploring new city or using it as a carrier for books', '6 months limited warranty']"
https://www.amazon.in/Half-Moon-Backpack-Spacious-Multiple/dp/B0C6N3MYL2,Half Moon Aztec 37L School Bag Class 5-12 | College Bagpack for Men/College Back pack for Women | 15.6 inch Laptop Bag for Men/Backpack for Men | Spacious & Multiple Pockets,649,3.6,236.0,B0C6N3MYL2,Not responding
https://www.amazon.in/Half-Moon-Laptop-Bag-Compartment/dp/B0C1NZLF67,Half Moon Valex Unisex School Bag/ 15.6 inch Laptop Backpack/College Bagpack/Office Back Packed | Laptop Bag for Men & Women | School Bags for Boys & Girls with Small Pockets & Laptop Compartment,649,3.7,93.0,B0C1NZLF67,Not responding
https://www.amazon.in/Bennett-15-6-inch-College-Repellent-Backpack/dp/B09WZKHSDR,"Bennett Casual Laptop Bag School Bags for Boys Girls 15.6-inch, 25 LTR Office & College bags for Mens Water Repellent Backpack for Men & Women (GREY)",512,3.9,714.0,B09WZKHSDR,Not responding
https://www.amazon.in/Lavie-Odiase-Womens-Satchel-Handbag/dp/B08SW9RJ75,Lavie Women's Odiase Medium Satchel Bag | Ladies Purse Handbag,"1,099",4.1,1516.0,B08SW9RJ75,"['Lavie Odiase hand bag is perfect for the ladies on the go. It is durable, lightweight, and available in multiple trendy colors. Made from premium man-made leather, this hand bag has the latest pebble texture and gold detailing to help you stand out from the crowd.', 'Odiase hand bag has a top zip closure to keep your essentials in place. The bag has 2 main compartments, 2 slip pockets alongside 1 zip pocket in each compartment, providing plenty space for keeping phone, portable charger, keys, hairbrush, wallet, sunglasses, sanitizer etc. It has thin dual shoulder straps and an adjustable sling belt for multipurpose use.', 'This hand bag is perfect for women to carry to work or a day party. It can be paired with high waist jeans and a statement top as well as with a ruffled dress. This spacious bag makes a great gift for women who love to accessorize.', ""Made from high-quality, soft materials, this handbag features a well-stitched inner lining for easy accessibility and storage. Plus, with its clean and trendy design, it's perfect for everyday use"", 'Dimension: 22 cm in length x 10 cm in width x 12 cm in height']"
https://www.amazon.in/School-school-partition-Collage-Backpack/dp/B09NNYCQ1Q,URBAN CARRIER School Bag For girls school bags for boys Class 5-10 Large 4 partition 45 L Laptop Collage Office Travel Unisex Backpack,431,3.5,1085.0,B09NNYCQ1Q,Not responding
https://www.amazon.in/Gear-Black-Casual-Backpack-MDBKPECO50104/dp/B0757MBSS6,Gear Casual Backpack,399,3.8,2247.0,B0757MBSS6,Not responding
https://www.amazon.in/Tabelito-NEO-Backpack-Business-Compartment/dp/B0C2D2Q52R,"Tabelito® NEO 3O L Water Resistant Laptop/College/Office/School/Travel/Business Bag, Unisex Backpack for Men Women Fits Up to 15.6 Inch Laptop Notebook.",399,4.0,191.0,B0C2D2Q52R,Not responding
https://www.amazon.in/Skybags-Unisex-Grey-Jacqard-Laptop/dp/B09ZV9SLBJ,Skybags Unisex Grey Jacqard 34L Laptop Bags,"1,248",4.1,85.0,B09ZV9SLBJ,"['Care Instructions: Hand Wash Only', 'Ideal for a working professional travelling to work by bus, train, ola/uber/cab etc. Laptop compatibility & professional looking backpack']"
https://www.amazon.in/Dyazo-Resistant-Photographers-Compatible-Panasonic/dp/B0BWWD1QQQ,Dyazo Water Resistant Camera Backpack with Extra Front Pocket Photographers Bag with Rain Cover Tripod Holder Compatible for Sony Nikon Canon Panasonic DSLR (Black & Orange),799,4.3,523.0,B0BWWD1QQQ,"['Features : Dimensions 14 inch * 11 "" * 5 inches & weight is 700 grams Black & orange outside color with grey interior color comes with padded adjustable dividers Tripod holding strap & Rain cover', 'The main compartment holds a DSLR camera three to five standard lenses, plus additional camera equipment. The inside dividers can be adjusted to accommodate diffrent sizes of camera equipment thanks to the detachable padded dividers', 'Front pocket To store memory cards, power banks, or tech accessories Featuring a discreet, sleek design, the Dyazo Brand camera backpack is a beautifully crafted bag. the front pocket is roomy enough to fit your additional items', 'Rubber Feet Special Rain cover pocket & compression straps to hold tripod while boasting a stylish exterior that makes this backpack a showstopper.', 'Compatible with all type of DSLR SLR Backpack to name a few Nikon canon Sigma Olympus']"
https://www.amazon.in/Safari-Backpack-Resistant-Polyester-Travelling/dp/B09B26VHXV,"Safari Flash Casual Backpack, 26 ltr Water Resistant Travel Bags| Weight Polyester Bagpack for Men and Women, Spacious Shoulder Bag for College, Office, Travelling and Camping",809,3.8,3157.0,B09B26VHXV,"['HIGH QUALITY FABRIC: Our lightweight yet durable bags are made of 100% polyester and water resistant fabric. This casual backpack can be by boys and girls for school, college, coaching, tution, or everyday outings.', 'FRONT POCKET: Our trendy unisex bag pack has a front storage pocket that keeps small items neatly organized and easy to access', 'MESH POCKET: Our fancy and stylish backpacks have mesh pockets on both sides to accommodate your water bottle and umbrella', 'COMFORT: Our 26 liter bag has mesh padding on back to help carry heavy items. It also provides superior comfort with padded adjustable shoulder straps', 'WARRANTY: All of our bags come with 1-year International Warranty against manufacturing defects']"
https://www.amazon.in/Murano-Casual-daybackpack-Office-College/dp/B0BX9FLPNX,Murano Louis 10ltr Casual daybackpack/Office & Travel Bag/School Bag/College Bag/Men/Women/Girl/Boy (Orange),269,3.1,74.0,B0BX9FLPNX,"['EXCELLENT QUALITY MATERIAL: This fantastic backpack is made of good-quality polyester, which makes it extremely durable and ideal for long-term use. It has a 10 L capacity.', ""VERSATILE APPLICATION: A side from travel, it can be used as a weekend bag or a training bag. It's a dependable, sturdy backpack for a quick trip or vacation."", ""STURDY ZIPPERS AND ADJUSTABLE STRAPS: Straps can be adjusted to the user's needs, & good zippers make it simple to frequently take things out and keep them without causing wear and tear."", 'ERGONOMIC DESIGN: It has a practical design and looks very sophisticated and classy. It is incredibly convenient to carry on the back, making it perfect for everyday use.']"
https://www.amazon.in/Lavie-Sport-Chairman-Compatible-compartments/dp/B09YCSCRBW,Lavie Sport Chairman Backpack with Laptop Sleeve | Premium Leatherette Business Backpack for Men & Women | Durable Office Bag for Notebook/MacBook,849,3.9,1405.0,B09YCSCRBW,"['Care Instructions: Hand Wash Only', 'Start your day with confidence knowing you have a reliable companion to carry your laptop and personal belongings. Introducing the Lavie Sport Chairman laptop backpack, a versatile and spacious option for the modern-day commuter. Equipped with a padded laptop compartment that fits up to 14"" laptops, you can be sure your device is well-protected on the go', 'Featuring a pass-through trolley handle on the back panel, you can easily secure your backpack to your luggage while navigating the airport or train station. The front pocket is thoughtfully designed with multiple zippered organizers for your keys, pens, cell phone, and power bank, keeping your essentials within reach', 'Built with water-resistant polyester fabric and synthetic leather, this backpack can withstand unexpected showers or spills. Plus, the mesh padded shoulder straps ensure comfort and ease of use, even on long days', 'Convenience is key, and this backpack delivers with a fabric pocket on one side panel for holding a water bottle or compact umbrella. With external dimensions of length 30cm, width 16cm, and height 43cm, this backpack has a capacity of 24 litres', 'Trust in the durability of this backpack and rest easy knowing it comes with a manufacturer warranty of 12 months. The Lavie Sport Chairman laptop backpack - a reliable choice for the daily commuter']"
https://www.amazon.in/BennettTM-Shoulder-Messenger-Repellent-Charcoal/dp/B09CV24TMK,Bennett™ Mystic Unisex Adult Men's Laptop Bag 15.6 inch Side Shoulder Briefcase Satchel Messenger Business Bags for Men & Women Front Pocket for Laptop Accessories - Black (6 Month Warranty),512,4.0,6465.0,B09CV24TMK,"['PREMIUM QUALITY MATERIAL: This laptop computer briefcase is made of high-quality water repellent fabric, and well-made of foam pad inside. The laptop briefcase equipped with a removable shoulder strap and a soft carry handle, you can easily switch the carry way you want.', 'LIGHTWEIGHT AND MULTIFUNCTIONAL: It provide a removable shoulder strap, can be use as shoulder bag or handbag base on your need; top handle strap, and comes with adjustable strap with. It will be a good partner for your daily use or business trip.', 'EXCELLENT DETAILS: The laptop bag with exquisite zippers, durable hook of strap and soft handle, which make it more comfortable to carry and use. Ensure a secure and long-lasting usage everyday as office work bag, travel laptop briefcase, business laptop case, college laptop bag.', 'DIMENSION: External: 16 x 12 x 3 inch; Dimension: 16.5 x 11.5 x 2.5 inch. Suitable for 14-15.6 inch: Dell, Acer, ASUS, Samsung, HP and other brand laptops.(Please allow a little size different because of manual measurement). Great gifts choice for birthday, work anniversary.', ""BENNETT Warranty: Exchange within (6 months) if you don't like. If any problems, please do not hesitate to contact us. We will provide the best solution for you.""]"
https://www.amazon.in/ADISA-BP004-Weight-Casual-Backpack/dp/B07G3CG9FC,ADISA Laptop Backpack 31 Ltrs,399,4.0,9048.0,B07G3CG9FC,"['Adjustable Shoulder Handles / Two Bottle holders / Padded Top Handle / Reflector Logo', 'NOT INCLUDED: NO RAINCOVER, Headphone & Cable (Images only for display)', 'Laptop Size : 15.6 inches and below (Bigger than 15.6 inches not recommended)', 'Compartments: 2 with full padding; Front Easy-Access Pocket', 'Dimensions : L x W x H- 12 x 7 x 18 inches']"
https://www.amazon.in/Classic-Leather-Laptop-Backpack-LBPCLSLTH1901/dp/B07G4CYC74,Gear Classic 20L Small Size Faux Leather Water Resistant Anti Theft Unisex Laptop Backpack- Tan-Black,979,4.4,2517.0,B07G4CYC74,"['Care Instructions: Hand Wash Only', 'Outer material: synthetic, color: tan; Waterproof', 'Capacity: 20 liters; Weight: 560 grams; Dimensions: 48 cms x 32 cms x 14 cms (LxWxH)', 'Number of compartments: 2', 'Laptop compatibility: yes, laptop size: 16strap type: adjustable', 'Age Range Description: Adult; Special Features: Back Padding; Pocket Description: Utility Pocket; Closure Type: Zipper', 'Concealed quick access Pockets on back panel ,Adjustable Anti sweat padded Shoulder straps , Padded Laptop sleeve,2 External Pockets, Padded Back Panel Cushioned with Anti Sweat Fabric,Embedded Organizer , USB and Headphone cable slot .']"
https://www.amazon.in/ADISA-Womens-Girls-Party-Crossbody/dp/B0B2WBJ2H8,ADISA Women's Girls Party Sling Bag Crossbody,394,4.0,615.0,B0B2WBJ2H8,Not responding
https://www.amazon.in/FATMUG-Foldable-Luggage-Packing-Storage/dp/B07YFNXC3H,"FATMUG Polyester Foldable Duffle Travel Bag Luggage For Travel, Packing And Storage - Men And Women - (60 L, Black)","1,099",4.2,1462.0,B07YFNXC3H,Not responding
https://www.amazon.in/Martucci-Laptop-Backpack-College-Reflective/dp/B0B7DT6HY3,Martucci Large 35 L Backpack Spacy Unisex/College/School/Travel Backpack with Rain Cover and Reflective Strip,746,4.0,1259.0,B0B7DT6HY3,Not responding
https://www.amazon.in/Gear-Colorado-Orange-Laptop-Backpack/dp/B097K6KD7W,F Gear Colorado Grey Orange 39 Ltrs Laptop Backpack (3814),895,4.2,224.0,B097K6KD7W,"['2-main zippered compartment, one inside sleeve for laptop, a front pocket with an organizer.', 'One zippered front pocket, one mesh zippered pocket & two mesh pockets on both sides.', 'Thick padding anti-sweat breathable air mesh & adjustable padded shoulder straps.', 'World’s best Japanese brand YKK zippers and sliders.', 'Comes with the F Gear promise of quality and durability.']"
https://www.amazon.in/TAGUDA-foldable-portable-lightweight-organizer/dp/B0B8CSC4F1,TAGUDA Travel Foldable Portable Lightweight Luggage Storage Duffle Tote Hand Organizer Easy Carry Bags Backpack Set for Men Women Travel Luggage (Mint Green Travel Bag),299,3.4,90.0,B0B8CSC4F1,Not responding
https://www.amazon.in/American-Tourister-AMT-SCH-BAG02/dp/B07CGLDV2C,American Tourister Casual Backpack,"1,249",4.2,4101.0,B07CGLDV2C,Not responding
https://www.amazon.in/DIVULGE-Drawstring-Bag-Sports-Utility/dp/B07PXTDBH4,"DIVULGE Multi Utility Drawstring Bag (Black , 16 L)",145,4.0,1158.0,B07PXTDBH4,Not responding
https://www.amazon.in/Casual-Backpack-Charging-Laptop-Compartment/dp/B07J46KLFP,"FUR JADEN 15.6 Inch Laptop Backpack 25 LTR Bag for School, College and Office with USB Charging Port",479,3.9,10365.0,B07J46KLFP,
https://www.amazon.in/F-Gear-Trail-Waist-Bag-Marpat-WL-Camo/dp/B08NYGDLCN,F Gear Trail Sports Waist Bag (Marpat WL Camo),479,4.4,1151.0,B08NYGDLCN,
https://www.amazon.in/HP-Lightweight-200-Green-Backpack/dp/B08CY1XYFL,"HP Lightweight 200 15.6-inch Laptop Backpack with Padded Shoulder Straps, Green","1,499",4.3,278.0,B08CY1XYFL,
https://www.amazon.in/Wesley-Milestone-Waterproof-Backpack-Business/dp/B07K8KLB3P,"Wesley Unisex Milestone Casual Waterproof Laptop Office School College Business Travel Backpack 25 L (Dimensions: 12.5x18 inches) (Compatible with 15.6 inch laptops), Navy Blue",448,4.3,13271.0,B07K8KLB3P,
https://www.amazon.in/Tabelito-NEO-Backpack-Business-Compartment/dp/B0C2D2GPWJ,"Tabelito® NEO 3O L Water Resistant Laptop/College/Office/School/Travel/Business Bag, Unisex Backpack for Men Women Fits Up to 15.6 Inch Laptop Notebook.",399,4.0,191.0,B0C2D2GPWJ,
https://www.amazon.in/Number-Backpack-Compartment-Charging-Organizer/dp/B09VTCNN75,"FUR JADEN Anti Theft Number Lock Backpack Bag with 15.6 Inch Laptop Compartment, USB Charging Port & Organizer Pocket for Men Women Boys Girls",679,4.0,5627.0,B09VTCNN75,
https://www.amazon.in/Gear-Vintage2-Leather-Backpack-LBPVG2LTH1901/dp/B07G4F3758,Gear Vintage2 Anti Theft Faux Leather 18 cms Tan Laptop Backpack,979,4.3,1694.0,B07G4F3758,
https://www.amazon.in/Tabelito-NEXA-Backpack-Business-Compartment/dp/B0C2D3YR7T,"Tabelito® NEXA 3O L Water Resistant Laptop/College/Office/School/Travel/Business Bag, Unisex Backpack for Men Women Fits Up to 15.6 Inch Laptop Notebook. (GREY)",399,4.2,115.0,B0C2D3YR7T,
https://www.amazon.in/F-Gear-String-Polyester-33-cms-Black-Drawstring-Gym-Bag/dp/B07PC28YQ9,F Gear String 11 Ltrs Nylon Black Gym Bag,190,4.0,593.0,B07PC28YQ9,
https://www.amazon.in/ROZEN-partition-Collage-Backpack-SKYBLUE/dp/B0BRTFGG22,"ROZEN 47 Ltrs, 46 cms School Bag Class 5-12 Large 5 partition Laptop Collage Office Travel Backpack Unisex",697,4.0,205.0,B0BRTFGG22,
https://www.amazon.in/Half-Moon-Waterproof-Backpack-Students/dp/B0BR149RMT,Half Moon 35 L Casual Waterproof Laptop Bag/Backpack for Men Women Boys Girls/Office School College Teens & Students with Rain Cover (18 Inch) (Sky Blue),699,3.6,105.0,B0BR149RMT,
https://www.amazon.in/Fur-Jaden-Camping-Rucksack-Backpack/dp/B07PMWMN19,Fur Jaden Hiking Camping Rucksack Casual 10 Ltrs Blue Casual Backpack,249,3.6,7981.0,B07PMWMN19,
https://www.amazon.in/Tabelito%C2%AE-Delta-Waterproof-Backpack-Compatible/dp/B0BLK2RL23,"Tabelito® DELTA Casual Waterproof Laptop Backpack/Office Bag/School Bag/College Bag/Business Bag/Unisex Travel Backpack (Compatible with 15.6 inch Laptop) 30 L, (6 Month Warranty)",599,4.2,124.0,B0BLK2RL23,
https://www.amazon.in/Kleider-Travel-Business-Messenger-Shoulder/dp/B084ZHP97M,DEIN KLEIDER Men's Nylon Messenger Bag,349,4.0,5289.0,B084ZHP97M,
https://www.amazon.in/Half-Moon-Resistant-Backpack-Compartment/dp/B09GG53CSL,Half Moon 34 L Water Resistant 15.6 inch Laptop Bag/Backpack for Men Women Boys Girls/Office School College with Padded Laptop Compartment (Grey),698,3.9,1372.0,B09GG53CSL,
https://www.amazon.in/Killer-Backpack-Compartments-Polyester-Waterproof/dp/B07CDD6YS2,KILLER Louis 38L Large Laptop Backpack With 3 Compartments Polyester Trendy Waterproof Travel Backpack,"2,067",4.4,11412.0,B07CDD6YS2,
https://www.amazon.in/Safari-Formal-Backpack-Anti-Theft-VAULT19CBBLK/dp/B07XSTR69N,"Safari 48 Cms Black Formal/Office/Laptop Backpack With Anti-Theft, Lock, Usb And Rfid (Vault19Cbblk)",997,4.0,898.0,B07XSTR69N,
https://www.amazon.in/Mokobara-Transit-Backpack-Laptop-Sunray/dp/B09V7R98XC,"MOKOBARA The Transit Backpack - 30L Premium Nylon 15.6"" Unisex Laptop Bag With Luggage Sleeve","4,999",4.5,653.0,B09V7R98XC,
https://www.amazon.in/Skybags-Unisex-Adjustable-Polyester-Backpack/dp/B0BJ763F7Y,Skybags Kick Unisex Adjustable Strap Polyester Laptop Backpack,"1,360",4.0,70.0,B0BJ763F7Y,
https://www.amazon.in/Safari-Polyester-Cms-Travel-KRYPTON17DFBLK_Black/dp/B097L3XJ38,Safari Polyester 24 Cms Travel Bag(KRYPTON17DFBLK_Black),575,4.0,48.0,B097L3XJ38,
https://www.amazon.in/Fur-Jaden-Charging-Waterproof-BM36_BlueZip/dp/B07MXM5M99,"Fur Jaden 15.6 Inch Laptop Backpack 25 LTR Bag for School, College and Office with USB Charging Port",479,3.9,10365.0,B07MXM5M99,
https://www.amazon.in/HARISSONS-15-6-inch-Backpack-Organizers-Detachable/dp/B07M5P5LW3,"HARISSONS Bags Vervo 15.6-inch Laptop/Travel/Casual Backpack for Men and Women with Rain Cover (Black, 40 Ltrs) | Quick Access Zippered Pocket, Detailed Organizers & a Detachable Key Chain Holder","2,960",4.4,2016.0,B07M5P5LW3,
https://www.amazon.in/HARISSONS-15-6-inch-Backpack-Organizers-Detachable/dp/B07M5P5LW3,"HARISSONS Bags Vervo 15.6-inch Laptop/Travel/Casual Backpack for Men and Women with Rain Cover (Black, 40 Ltrs) | Quick Access Zippered Pocket, Detailed Organizers & a Detachable Key Chain Holder","2,960",4.4,2016.0,B07M5P5LW3,
https://www.amazon.in/Safari-Polyester-Cms-Travel-KRYPTON17DFBLK_Black/dp/B097L3XJ38,Safari Polyester 24 Cms Travel Bag(KRYPTON17DFBLK_Black),575,4.0,48.0,B097L3XJ38,
https://www.amazon.in/Delrin-Backpack-Motorcycle-Waterproof-Programmable/dp/B0CBSGG3LX,"Delrin LED Backpack with APP Working, Laptop Bag Motorcycle Riding Backpack Waterproof Backpack with Programmable and Color Screen, Travel Backpack 25 ltrs (48 Cms)","19,799",,,B0CBSGG3LX,
https://www.amazon.in/F-Gear-Spartan-Black-Laptop-Backpack/dp/B07X82WYGL,F Gear Spartan 24 Ltrs Black Laptop Backpack (3179),623,4.0,110.0,B07X82WYGL,
https://www.amazon.in/Cosmus-Casual-Backpack-Charger-College/dp/B09HX54TGF,COSMUS Vogue Casual Laptop Backpack with USB Charger Port 46cm 26 Litre College Bag,"1,409",4.2,1422.0,B09HX54TGF,
https://www.amazon.in/Gear-Superior-Casual-Backpack-BKPSPRIOR0001/dp/B08GY2ZN96,Gear Superior 16LWater Resistant School Bag//Backpack/College Bag for Men/Women - Black,350,4.0,333.0,B08GY2ZN96,
https://www.amazon.in/Tabelito%C2%AE-Basic-Laptop-Sleeve-Surfacepro/dp/B09NDTW8SP,Tabelito® Basic Laptop Bag Laptop Cover Laptop Bags Laptop Sleeve Office Bag Laptop Bag 15.6 inch(39.6cm) Laptop Apple/Lenovo/Asus/Hp/MacBook/Thinkpad/Ideapad (Grey),299,4.1,2402.0,B09NDTW8SP,
https://www.amazon.in/Gear-Workspace-Briefcase-Black-Red-BKPWRPHYD0101/dp/B097KGL2M5,Gear Workspace 18L Water Resistant Laptop Bag/Backpack/Office Bag for Men/Women-Black,907,4.2,345.0,B097KGL2M5,
https://www.amazon.in/Lavie-Beech-Womens-Satchel-Handbag/dp/B096KTWTXC,Lavie Women's Beech Satchel Bag | Ladies Purse Handbag,"1,518",4.2,2329.0,B096KTWTXC,
https://www.amazon.in/Hammonds-Flycatcher-Genuine-Leather-Messenger/dp/B07MDTVDQH,"HAMMONDS FLYCATCHER Genuine Leather Laptop Bag for Men/Office Bag for Men, Brown |Fits Upto 14 Inch Laptop Bag/MacBook |Leather Bag for Men with Shoulder Straps |Crossbody Laptop Messenger Bag for Men","2,417",4.4,2420.0,B07MDTVDQH,
https://www.amazon.in/Glowic-Unisexs-Backpack-College-Students/dp/B0BGX9W69N,Glowic Unisex's Backpack for Men Women Boys Girls/Office School College Teens & Students (WBAG-64) (Black),969,3.6,263.0,B0BGX9W69N,
https://www.amazon.in/ADISA-Laptop-Backpack-College-z-Black/dp/B09TPY1G1W,ADISA 15.6 inch laptop backpack office bag college travel back pack 32 Ltrs,499,3.9,1155.0,B09TPY1G1W,
https://www.amazon.in/Safari-Duffle-Travel-Luggage-Trolley/dp/B097JJXL9K,Safari Arc Polyester 55 Cms 2 Wheel Travel Duffel Bag (Red),"1,309",3.8,400.0,B097JJXL9K,
https://www.amazon.in/Half-Moon-Trekking-Bags-Compartment/dp/B08PSX1LN9,Half Moon 45L Hammer Waterproof Laptop Travelling Rucksack Trekking Backpack for Travel Journey bags for Men Women Boys & Girls with 17.3inch Laptop Compartment & Rain cover,"1,349",4.1,1427.0,B08PSX1LN9,
https://www.amazon.in/NORTH-ZONE-Lightweight-Backpacks-Stylish/dp/B0BL3S5NC1,NORTH ZONE Lightweight school bags Backpacks for Boys Girls Stylish men and women Casual Travel Laptop Bag College office,630,4.0,935.0,B0BL3S5NC1,
https://www.amazon.in/Nivia-Pulse-Junior-Bag-Aqua-Green/dp/B08D7QNYZX,"Nivia 5227 Pulse Junior Bag, Others (Orange) (Aqua/Green)",294,3.7,251.0,B08D7QNYZX,
https://www.amazon.in/WILD-MODA-Womens-Shoulder-Turquoise/dp/B099PLT91X,"WILD MODA Women's Shoulder Bag, Set of 1",849,4.2,3370.0,B099PLT91X,
https://www.amazon.in/ZOUK-Handmade-Leather-Handles-Multicolor/dp/B09QRYDXJH,ZOUK Women Laptop Bag Royal Indian Peacock Motif,"1,698",4.4,151.0,B09QRYDXJH,
https://www.amazon.in/Martucci-Waterproof-Backpack-College-Business/dp/B0B1HM2ZGX,Martucci 16 inch 36L Casual Waterproof Backpack/Office Bag/School Bag/College Bag/Business Bag/Unisex Travel Backpack,599,3.8,199.0,B0B1HM2ZGX,
https://www.amazon.in/Tabelito%C2%AE-Delta-Waterproof-Backpack-Compatible/dp/B0BLK1Z7DQ,"Tabelito® DELTA Casual Waterproof Laptop Backpack/Office Bag/School Bag/College Bag/Business Bag/Unisex Travel Backpack (Compatible with 15.6 inch Laptop) 30 L, (6 Month Warranty)",599,4.4,199.0,B0BLK1Z7DQ,
https://www.amazon.in/ADISA-Laptop-Backpack-Office-College/dp/B0BPVLXD53,ADISA 32L large laptop backpack office bag college travel back pack with rain cover,599,3.9,322.0,B0BPVLXD53,
https://www.amazon.in/Skybags-Unisex-Gucci-Fabric-Backpacks/dp/B0B21XYWWH,Skybags Unisex Red Gucci Fabric 10L Backpacks,460,3.8,110.0,B0B21XYWWH,
https://www.amazon.in/F-Gear-Raider-Marpat-Navy-Backpack/dp/B07F1157TV,F Gear Raider 30 Liter Backpack with Rain Cover (.Marpat Navy Digital Camo),832,4.2,3042.0,B07F1157TV,
https://www.amazon.in/Genie-Ltrs-School-Backpack-SPRAY19SBBLU/dp/B07QFF2RZR,"Genie Spray School Bag for Girls, 19 inch Backpack for Women, 3 compartments Water Resistant Stylish and Trendy College Backpacks for Girls","1,155",4.0,1664.0,B07QFF2RZR,
https://www.amazon.in/Hilfiger-Joshua-Backpack-TH-JOSHUALAP08/dp/B07N8HR66T,Tommy Hilfiger Joshua Laptop Backpack,"2,049",4.1,578.0,B07N8HR66T,
https://www.amazon.in/Priority-ARC-Red-Polyester-Trolley/dp/B08HHD4T6W,Priority ARC 56 cm Red Polyester 2 Wheel Duffle Trolley Bag | Travel Luggage for Men & Women,699,4.1,328.0,B08HHD4T6W,
https://www.amazon.in/Business-Casual-Resistant-Laptop-Backpack/dp/B0862V2GKH,MI Business Casual 21L Water Resistant Laptop Backpack,999,4.4,1392.0,B0862V2GKH,
https://www.amazon.in/Storite-Bag-Compartment-Weekender-Overnight/dp/B0B7RVY9GR,"Storite Nylon 44 cms Imported Travel Duffle Bag Sports Gym Shoulder Bag for Women with Wet Pocket & Shoe Compartment Weekender Overnight Travel Luggage Bag (Grey, 44 x 18 x 29 cm)","1,199",4.1,228.0,B0B7RVY9GR,
https://www.amazon.in/ZOUK-Printed-Handmade-Leather-handles/dp/B07NHYLTY7,ZOUK Black Floral Printed Handmade Vegan Leather Women's Office Bag for 15.6 inch Laptop with double handles - FloMotif,"1,599",4.3,1004.0,B07NHYLTY7,
https://www.amazon.in/Mammon-Womens-Handbag-plain-tan-35x35/dp/B07LBC7Z59,Mammon Women's Tote Bag,264,3.6,2750.0,B07LBC7Z59,
https://www.amazon.in/American-Tourister-FS0-11-001/dp/B07S13P8BW,American Tourister Spin 49 cms Teal Laptop Backpack,"1,699",4.0,1494.0,B07S13P8BW,
https://www.amazon.in/FATMUG-Laptop-Bag-Men-Convertible/dp/B084LFS4G1,FATMUG Laptop Bag For Men - Convertible Backpack For Office And Travel (Navy Blue Oxford Fabric),"1,699",4.4,2318.0,B084LFS4G1,
https://www.amazon.in/American-Tourister-FS0-11-001/dp/B07S13P8BW,American Tourister Spin 49 cms Teal Laptop Backpack,"1,699",4.0,1494.0,B07S13P8BW,
https://www.amazon.in/FATMUG-Laptop-Bag-Men-Convertible/dp/B084LFS4G1,FATMUG Laptop Bag For Men - Convertible Backpack For Office And Travel (Navy Blue Oxford Fabric),"1,699",4.4,2318.0,B084LFS4G1,
https://www.amazon.in/Genie-compartments-Resistant-Lightweight-Travelling/dp/B0C85YCDR7,"Genie Swirl Laptop Backpack for Women, 3 compartments, Water Resistant and Lightweight Bags for Office and Travelling Purpose. 36 litres. (19 inch). Tie-dye print","1,004",4.3,4.0,B0C85YCDR7,
https://www.amazon.in/DZert-Kids-Grey-School-Years/dp/B07QD1M3R9,DZert Kids School Bag Soft Plush Backpacks Cartoon Boys Girls Baby (2-5 Years),200,3.7,3196.0,B07QD1M3R9,
https://www.amazon.in/WildHorn-Leather-Laptop-Messenger-Dimension/dp/B079HQKSZN,WildHorn Leather Laptop Bag for Men I Fits Upto 15.6 Inch Laptop/MacBook I Padded Laptop Compartment I Carry Handles with Adjustable Strap I DIMENSION : L-16 inch W-4 inch H-12 inch,"2,629",4.2,973.0,B079HQKSZN,
https://www.amazon.in/Storite-Travel-Bag-Lightweight-GreenPink/dp/B0B3JBYZ8C,"Storite Nylon 46 Cm Multi Purpose Travel Duffle Bag for Women with Dry and Wet Separate Pocket, Lightweight Waterproof Backpack Carry Luggage Bag with Shoe Compartment (GreenPink, 46x23x25 cm)","1,399",4.2,379.0,B0B3JBYZ8C,
https://www.amazon.in/Waterproof-Capacity-Backpack-Teenage-Rucksack/dp/B0CDHD9BZD,"TEESTA Waterproof Travel Casual Large Capacity 17.5 Inch Backpack Teenage Girls Laptop Rucksack Fashion School Bag with Small Case for Men/Women/Student/Gym(Black,1-Pcs)","1,299",4.4,16.0,B0CDHD9BZD,
https://www.amazon.in/AirCase-C30-Messenger-Compartments-Multi-Pockets/dp/B07V47HHRG,"AirCase Office Sling Messenger Bag fits Upto 15.6"" Laptop/MacBook, Detachable Shoulder Strap, Waterproof, Shockproof, Spacious Pockets for Office/Travel","1,499",3.5,750.0,B07V47HHRG,
https://www.amazon.in/Lunars-Router-Resistant-Raincover-Organiser/dp/B08YR63B9M,"Lunar's 35 L Laptop Office/School/Travel/Business Backpack Water Proof - Fits Up to 15.6 Inch Laptop Notebook, With Raincover, Inside Organiser and 1 Year Warranty (All)",778,3.8,1138.0,B08YR63B9M,
https://www.amazon.in/Wildcraft-Black-Casual-Backpack-11652-Black/dp/B079Q79FX5,Wildcraft 31 Ltrs Black Casual Backpack (11652-Black),"1,190",4.3,370.0,B079Q79FX5,
https://www.amazon.in/Zebronics-Techshield-Compartment-15-6-inch-Polyester/dp/B0C6QTMYFG,"Zebronics Techshield A1, 18 Liters, 1 Compartment Laptop Backpack and Front Pocket, fit Up to 15.6-inch Laptop, Polyester Fabric, Office Use and Mini Business Travel Bags (Black)",599,5.0,4.0,B0C6QTMYFG,
https://www.amazon.in/Genie-Heartbeat-compartments-Lightweight-Travelling/dp/B097JJFF6Z,"Genie Heartbeat Backpack for Women 3 compartments, School Bags for Girls, Stylish and Trendy College Backpacks for Girls, Water Resistant and Lightweight Bags for Office and Travelling Purpose.",753,4.4,297.0,B097JJFF6Z,
https://www.amazon.in/Lavie-Womens-Ushawu-Satchel-Handbag/dp/B0B3J9J9CK,Lavie Women's Ushawu Satchel Bag | Ladies Purse Handbag,"1,099",4.1,7030.0,B0B3J9J9CK,
https://www.amazon.in/ASUS-Backpack-Cross-Dyed-Material-Suitable/dp/B09Q68446F,"ASUS BP4600 Laptop Backpack (Grey), with Cross-dyed Woven Fabric Material, Suitable for up to 40.64 cm (16-inch) Laptop","1,249",4.4,62.0,B09Q68446F,
https://www.amazon.in/Wildcraft-Turnaround-Polyester-Laptop-8903338054702/dp/B012D51GXO,Wildcraft Turnaround Polyester 35 Ltrs Blue Laptop Bag (8903338054702),"1,748",4.4,1222.0,B012D51GXO,
https://www.amazon.in/Hyper-Adam-Rucksack-Backpack-Trekking/dp/B07PJCH3VZ,Hyper Adam 65 LTR Rucksack Travel Backpack for Outdoor Sport Hiking Trekking Bag Camping Rucksack,"1,091",4.2,4224.0,B07PJCH3VZ,
https://www.amazon.in/Lavie-Womens-Ushawu-Satchel-Handbag/dp/B0B3J9J9CK,Lavie Women's Ushawu Satchel Bag | Ladies Purse Handbag,"1,099",4.1,7030.0,B0B3J9J9CK,
https://www.amazon.in/ASUS-Backpack-Cross-Dyed-Material-Suitable/dp/B09Q68446F,"ASUS BP4600 Laptop Backpack (Grey), with Cross-dyed Woven Fabric Material, Suitable for up to 40.64 cm (16-inch) Laptop","1,249",4.4,62.0,B09Q68446F,
https://www.amazon.in/Gear-Classic-Leather-Backpack-LBPCLSLTH0519/dp/B07G4JQX2F,Gear Classic 20L Faux Leather Water Resistant Anti Theft Laptop Bag/Backpack for Men/Women (Navy-Tan),979,4.4,6586.0,B07G4JQX2F,
https://www.amazon.in/Wildcraft-Turnaround-Polyester-Laptop-8903338054702/dp/B012D51GXO,Wildcraft Turnaround Polyester 35 Ltrs Blue Laptop Bag (8903338054702),"1,748",4.4,1222.0,B012D51GXO,
https://www.amazon.in/Hyper-Adam-Rucksack-Backpack-Trekking/dp/B07PJCH3VZ,Hyper Adam 65 LTR Rucksack Travel Backpack for Outdoor Sport Hiking Trekking Bag Camping Rucksack,"1,091",4.2,4224.0,B07PJCH3VZ,
https://www.amazon.in/Arctic-Fox-Kobra-Laptop-Backpack/dp/B09GPHHZPW,Arctic Fox Kobra Gamer Laptop Backpack (Black),"1,997",4.5,828.0,B09GPHHZPW,
https://www.amazon.in/American-Tourister-Casual-Travel-Duffle/dp/B00FRCNRPQ,American Tourister X - Bag Nylon 55 Cms Travel Duffle Bag (Black),"1,899",4.3,676.0,B00FRCNRPQ,
https://www.amazon.in/Arctic-Fox-Backpack-Charging-Laptop/dp/B08RS6FXYT,Arctic Fox Joker Anti Theft Backpack with USB Charging Port 15 Inch Laptop Backpack,"1,815",4.5,268.0,B08RS6FXYT,
https://www.amazon.in/Gear-Bounce-Backpack-Grey-Orange-BKPBOUNCE0604/dp/B097KCLF5F,Gear Bounce 27 Ltrs Water Resistant School Bag/Backpack/College Bag for Men/Women-Grey Orange,614,3.7,494.0,B097KCLF5F,
https://www.amazon.in/HAMMONDS-FLYCATCHER-Laptop-Bag-Men/dp/B083M1QK32,HAMMONDS FLYCATCHER Laptop Bag for Men - Genuine Leather Messenger Shoulder Bag - Fits 14/15.6/16 Inch Laptops - Brown Office Bag - Multiple Pockets -Water Resistant -Executive Bag for Work and Travel,"5,255",4.4,579.0,B083M1QK32,
https://www.amazon.in/Tommy-Hilfiger-Polyester-TH-KENDALL0815/dp/B082PFY9VC,"Tommy Hilfiger Kendall Polyester Duffle Gym Bag - 53CM, Navy + White","1,548",4.4,92.0,B082PFY9VC,
https://www.amazon.in/FALONG-Resistant-Sweat-Proof-Adjustable-Headphone/dp/B0C9HRR6NW,"FALONG Waist Bag for Men & Women Water Resistant Running Waist Pack, Running Belt with Large Capacity, Sweat-Proof Adjustable Elastic Strap and Headphone Hole, Ideal for All Mobile Phones",320,4.7,8.0,B0C9HRR6NW,
https://www.amazon.in/Frantic-Travelling-Backpacks-Preschool-FullBody_SkyElehpant/dp/B0BD5JQX7T,"Frantic Kids Soft Cartoon Animal Travelling School Bag Soft Plush Backpacks Boys Girls Baby for 2 to 5 Years Baby/Boys/Girls Nursery, Preschool, Picnic(FullBody_SkyElehpant)",309,3.5,9.0,B0BD5JQX7T,
https://www.amazon.in/Kuber-Industries-Toiletry-Compartment-KUBMART11928/dp/B08Q91ZY29,Kuber Industries Toiletry Travel Bags Shaving Kit/Pouch/Bag for Men and Women with 2 Main Compartment (Wine)-KUBMART11928,198,4.0,498.0,B08Q91ZY29,
https://www.amazon.in/NORTH-ZONE-Northzone-Business-Messenger/dp/B0C555LQF4,NORTH ZONE Northzone Sling Cross Body Travel Office Business Messenger One Side Shoulder Pouch Bag Money Bag for Men and Women,249,3.8,70.0,B0C555LQF4,
https://www.amazon.in/Harissons-Office-Laptop-Backpacks-Women/dp/B09D3YYYNG,HARISSONS Bags Volt 15.6 inch Office Laptop Backpacks for Men and Women 24 Ltrs with 2 Front Zippered Pockets & Spacious Large Compartments | External USB Gate for easy Charging,"1,504",4.1,273.0,B09D3YYYNG,
https://www.amazon.in/House-Quirk-Flamingo-Portable-Different/dp/B09WJ1N2F2,"House of Quirk Flamingo Makeup Bag Set for Women Portable 3 Different Sizes Toiletry Bag for Travel Daily Use for Women Girl (Flamingo Dark Blue, Set of 3)",389,4.1,85.0,B09WJ1N2F2,
https://www.amazon.in/American-Tourister-Casual-Travel-Duffle/dp/B00FRCNRPQ,American Tourister X - Bag Nylon 55 Cms Travel Duffle Bag (Black),"1,899",4.3,676.0,B00FRCNRPQ,
https://www.amazon.in/Isle-Locada-Hidesign-Womens-Purple/dp/B07T97R1H1,Isle Locada by Hidesign Women's SLING BAG(AUBERGINE/AUBERG),"1,999",4.5,401.0,B07T97R1H1,
https://www.amazon.in/Arctic-Fox-Backpack-Charging-Laptop/dp/B089QC43BB,Arctic Fox Slope Anti Theft 23 L Backpack with USB Charging Port 15 Inch Laptop Backpack (Marble Black),"1,439",4.5,4229.0,B089QC43BB,
https://www.amazon.in/Gear-Bounce-Backpack-Grey-Orange-BKPBOUNCE0604/dp/B097KCLF5F,Gear Bounce 27 Ltrs Water Resistant School Bag/Backpack/College Bag for Men/Women-Grey Orange,614,3.7,494.0,B097KCLF5F,
https://www.amazon.in/ZOUK-Handmade-Leather-Womens-handles/dp/B09QRBF32J,ZOUK Handmade Vegan Leather Women's Office Bag for 15.6 inch Laptop with double handles,"1,699",4.0,76.0,B09QRBF32J,
https://www.amazon.in/Asus-BP1504-15-6-inch-Laptop-Backpack/dp/B0895ZZHKK,Asus BP1504 39.62 cm (15.6-inch) Laptop Backpack (Dark Grey),819,4.2,1738.0,B0895ZZHKK,
https://www.amazon.in/Half-Moon-Resistant-Backpack-Compartment/dp/B0BHX7GY16,Half Moon Large 37L Laptop Bag Backpack for menं Women Boys and Girls Luggage Travel Bags with 17.3 inches Laptop Compartment & Rain Cover,849,3.9,3451.0,B0BHX7GY16,
https://www.amazon.in/Tommy-Hilfiger-Polyester-TH-KENDALL0815/dp/B082PFY9VC,"Tommy Hilfiger Kendall Polyester Duffle Gym Bag - 53CM, Navy + White","1,548",4.4,92.0,B082PFY9VC,
https://www.amazon.in/HP-15-6-inch-Backpack-Pass-Through-793A7AA/dp/B0BYDWD4VL,HP 330 15.6-inch Laptop Backpack/Trolley Pass-Through; Padded Back Panel; Padded air mesh Panel/Hand wash and air Dry/1 Year Limited Warranty (793A7AA),"1,141",4.6,3.0,B0BYDWD4VL,
https://www.amazon.in/Genie-Flamenco2-Backpack-Compatible-Resistant/dp/B08YF1XJXY,"Genie Flamenco Laptop Backpack for Women, 16 inches Office Bag, Sky Blue Stylish and Trendy Bag for Office and College",803,4.4,1152.0,B08YF1XJXY,
https://www.amazon.in/BennettTM-Mystic-Shoulder-Messenger-Repellent/dp/B09321GJXZ,Bennett™ Mystic 15.6 inch (39.6cm) Laptop Briefcase Shoulder Sling Office Business Professional Travel Messenger Bag for Men and Women Water Repellent Formal Executive Bags (Grey) 6 Months Warranty,749,4.0,6465.0,B09321GJXZ,
https://www.amazon.in/Zebronics-Compartment-Backpacks-15-6-inch-Black/dp/B0C6KZS555,"Zebronics Camp1, 14 Liters, 1 Compartment Laptop Backpacks Fit Up to 15.6-inch Laptop, Polyester Fabric, Office Use and Mini Business Travel Bags (Black)",499,3.0,6.0,B0C6KZS555,
https://www.amazon.in/Frantic-Travelling-Backpacks-Preschool-FullBody_SkyElehpant/dp/B0BD5JQX7T,"Frantic Kids Soft Cartoon Animal Travelling School Bag Soft Plush Backpacks Boys Girls Baby for 2 to 5 Years Baby/Boys/Girls Nursery, Preschool, Picnic(FullBody_SkyElehpant)",309,3.5,9.0,B0BD5JQX7T,
https://www.amazon.in/Chic-Buddy-Waterproof-Swimsuits-Toiletries/dp/B09KSBHC18,"Chic Buddy Waterproof Wet Bag, Washable, Reusable for Travel, Beach, Pool, Stroller, Diapers, Dirty Gym Clothes, Wet Swimsuits, Toiletries",309,4.4,400.0,B09KSBHC18,
https://www.amazon.in/NORTH-ZONE-Northzone-Business-Messenger/dp/B0C555LQF4,NORTH ZONE Northzone Sling Cross Body Travel Office Business Messenger One Side Shoulder Pouch Bag Money Bag for Men and Women,249,3.8,70.0,B0C555LQF4,
https://www.amazon.in/BennettTM-Mystic-Shoulder-Messenger-Repellent/dp/B09321GJXZ,Bennett™ Mystic 15.6 inch (39.6cm) Laptop Briefcase Shoulder Sling Office Business Professional Travel Messenger Bag for Men and Women Water Repellent Formal Executive Bags (Grey) 6 Months Warranty,749,4.0,6465.0,B09321GJXZ,
https://www.amazon.in/Zebronics-Compartment-Backpacks-15-6-inch-Black/dp/B0C6KZS555,"Zebronics Camp1, 14 Liters, 1 Compartment Laptop Backpacks Fit Up to 15.6-inch Laptop, Polyester Fabric, Office Use and Mini Business Travel Bags (Black)",499,3.0,6.0,B0C6KZS555,
https://www.amazon.in/Chic-Buddy-Waterproof-Swimsuits-Toiletries/dp/B09KSBHC18,"Chic Buddy Waterproof Wet Bag, Washable, Reusable for Travel, Beach, Pool, Stroller, Diapers, Dirty Gym Clothes, Wet Swimsuits, Toiletries",309,4.4,400.0,B09KSBHC18,
https://www.amazon.in/Tommy-Hilfiger-Polyester-TH-KENDALL0815/dp/B082PFY9VC,"Tommy Hilfiger Kendall Polyester Duffle Gym Bag - 53CM, Navy + White","1,548",4.4,92.0,B082PFY9VC,
https://www.amazon.in/Step-Backpack-Small-Water-Repellant/dp/B088X9M73T,"Mi Step Out 12 L Mini Backpack (Small Size, Sky Blue, Water Repellant)",398,4.1,9712.0,B088X9M73T,
https://www.amazon.in/Storite-Army-Print-Sling-GreenGrey/dp/B09KNMWWPH,"Storite Small Size Army Print Padded Nylon Cross Body Sling bag Office Travel One Side Bag for Men Women (25x19x7cm, GreenGrey)",395,4.1,488.0,B09KNMWWPH,
https://www.amazon.in/TRUE-HUMAN-Anti-Theft-charging-combination/dp/B09H7PK5ML,TRUE HUMAN Anti-Theft and USB charging port backpack with security lock Laptop bag|office bag| for men and women (Grey),649,3.8,1909.0,B09H7PK5ML,
https://www.amazon.in/ADISA-Laptop-Backpack-Office-College/dp/B0BPVCBFM7,ADISA 32L large laptop backpack office bag college travel back pack with rain cover,599,3.9,322.0,B0BPVCBFM7,
https://www.amazon.in/Frantic-Travelling-Backpacks-Preschool-FullBody_SkyElehpant/dp/B0BD5JQX7T,"Frantic Kids Soft Cartoon Animal Travelling School Bag Soft Plush Backpacks Boys Girls Baby for 2 to 5 Years Baby/Boys/Girls Nursery, Preschool, Picnic(FullBody_SkyElehpant)",309,3.5,9.0,B0BD5JQX7T,
https://www.amazon.in/Gear-Black-Laptop-Backpack-BUSCLIMBR0109/dp/B015C73FCA,Gear Climber 35L Water Resistant Office Laptop Bag/Backpack for Men/Women(Black),"1,099",4.0,358.0,B015C73FCA,
https://www.amazon.in/NORTH-ZONE-Northzone-Business-Messenger/dp/B0C555LQF4,NORTH ZONE Northzone Sling Cross Body Travel Office Business Messenger One Side Shoulder Pouch Bag Money Bag for Men and Women,249,3.8,70.0,B0C555LQF4,
https://www.amazon.in/Safari-Overnighter-Resistant-Travelling-All-Purpose/dp/B097JMR4M6,"Safari Seek 32 Ltrs Large Overnighter Travel Laptop Backpack, Water Resistant Spacious Bag for Travelling and Camping, All-Purpose Bag for Business & Leisure- Black","1,959",4.4,275.0,B097JMR4M6,
https://www.amazon.in/Tabelito-NEO-Backpack-Business-Compartment/dp/B0C2D24G29,"Tabelito® NEO 3O L Water Resistant Laptop/College/Office/School/Travel/Business Bag, Unisex Backpack for Men Women Fits Up to 15.6 Inch Laptop Notebook.",399,4.0,191.0,B0C2D24G29,
https://www.amazon.in/Safari-Laptop-Backpack-Compartments-Resistant/dp/B09B27GN41,"Safari Snap 35 Ltrs Large Laptop Backpack With 3 Compartments, Water Resistant Fabric - Blue (SNAP19CBBLU)","1,109",3.8,594.0,B09B27GN41,
https://www.amazon.in/Tabelito-NEXA-Backpack-Business-Compartment/dp/B0C2D4KWQ6,"Tabelito® NEXA 3O L Water Resistant Laptop/College/Office/School/Travel/Business Bag, Unisex Backpack for Men Women Fits Up to 15.6 Inch Laptop Notebook. (GREY)",399,4.2,115.0,B0C2D4KWQ6,
https://www.amazon.in/Hilfiger-Laptop-Backpack-TH-FERNLAYLAP07/dp/B07P3F44K6,Tommy Hilfiger 27 Ltrs,"1,924",3.9,31.0,B07P3F44K6,
https://www.amazon.in/Right-Choice-Stylish-College-Backpack/dp/B07ZVXDHCK,RIGHT CHOICE quality stylish casual backpack daily use unisex typography college bags (Boys and Girls),315,3.5,986.0,B07ZVXDHCK,
https://www.amazon.in/Gear-Black-Laptop-Backpack-BUSCLIMBR0109/dp/B015C73FCA,Gear Climber 35L Water Resistant Office Laptop Bag/Backpack for Men/Women(Black),"1,099",4.0,358.0,B015C73FCA,
https://www.amazon.in/Gear-DOUBLE-DECKER-Resistant-Backpack/dp/B0BTJ3WTMV,Gear DOUBLE DECKER 31L Water Resistant Laptop Bag/Backpack/Office Bag for Men/Women (Black),"1,399",4.0,31.0,B0BTJ3WTMV,
https://www.amazon.in/Storite-Cross-Travel-Dark-Grey/dp/B07PFF4RYC,Storite Stylish Padded Small Nylon Sling Cross Body Travel Office Business Messenger One Side Shoulder Bag for Men Women (25x16x7.5cm) (Dark Grey),395,4.1,8665.0,B07PFF4RYC,
https://www.amazon.in/Genie-Moonlight-compartments-Lightweight-Travelling/dp/B097PGGTNJ,"Genie Moonlight Laptop Backpack for Women, 3 compartments, Water Resistant and Lightweight Bags for Office and Travelling Purpose. 36 litres. (19 inch) Black colour","1,004",3.0,4.0,B097PGGTNJ,
https://www.amazon.in/Fur-Jaden-resistant-Backpack-BM100_Brown/dp/B07P5X6NSN,FUR JADEN Vegan Leather 30L 15.6 Inch Laptop Backpack for Men Women for Office Professionals and College Students,839,4.2,2345.0,B07P5X6NSN,
https://www.amazon.in/Lenovo-Professional-Backpack-Water-resistant-Uncompromised/dp/B08R7S55H4,"Lenovo 15.6"" Professional Backpack, Made in India, Water-resistant,Uncompromised storage, Travel friendly:Fleece-lined PC compartment,Vented,Padded BackPanel & Adjustable shoulder straps,Luggage strap","1,337",4.2,994.0,B08R7S55H4,
https://www.amazon.in/BEAUTY-GIRLS-HOTSHOT1566-Backpack-Waterproof/dp/B0BG36CZD9,BEAUTY GIRLS BY HOTSHOT1566|School Bag|Tuition Bag|College Backpack|ForGirls&Women|17Inch|32L Waterproof School Bag,740,4.1,196.0,B0BG36CZD9,
https://www.amazon.in/American-Tourister-Unisex-Laptop-Backpack/dp/B0C8649NY8,"American Tourister SHAW Unisex Laptop Backpack - Teal, Unisex, 17'' Laptop Compatible with Multi-Level Organizer and External Bottle Pocket","1,689",3.3,10.0,B0C8649NY8,
https://www.amazon.in/Tabelito-NEO-Backpack-Business-Compartment/dp/B0C2D24G29,"Tabelito® NEO 3O L Water Resistant Laptop/College/Office/School/Travel/Business Bag, Unisex Backpack for Men Women Fits Up to 15.6 Inch Laptop Notebook.",399,4.0,191.0,B0C2D24G29,
https://www.amazon.in/Safari-Laptop-Backpack-Compartments-Resistant/dp/B09B27GN41,"Safari Snap 35 Ltrs Large Laptop Backpack With 3 Compartments, Water Resistant Fabric - Blue (SNAP19CBBLU)","1,109",3.8,594.0,B09B27GN41,
https://www.amazon.in/Tabelito-NEXA-Backpack-Business-Compartment/dp/B0C2D4KWQ6,"Tabelito® NEXA 3O L Water Resistant Laptop/College/Office/School/Travel/Business Bag, Unisex Backpack for Men Women Fits Up to 15.6 Inch Laptop Notebook. (GREY)",399,4.2,115.0,B0C2D4KWQ6,
https://www.amazon.in/Skybags-Unisex-Adjustable-Polyester-Backpacks/dp/B0BJ75WR71,Skybags Chase 32L Unisex Adjustable Strap Polyester Red Backpacks,"1,154",4.2,100.0,B0BJ75WR71,
https://www.amazon.in/Shoulder-Lightweight-Duffle-Weekend-Blue-Orange/dp/B09139DYF1,"Aurion Vista Polyester Sports Gym Duffle Bag with Wet Pocket and Shoe Compartment - 1Pc (Blue, 24 Cms) | Lightweight Duffle Bags | Travel Duffel Backpack for Men and Women | Camping | Swimming | Yoga",349,4.0,1098.0,B09139DYF1,
https://www.amazon.in/Gear-Green-Casual-Backpack-BKPECOBP40503/dp/B019HA8DQQ,Gear Eco4 18L Water Resistant School Bag//Backpack/College Bag for Men/Women - Navy Blue,439,4.0,4283.0,B019HA8DQQ,
https://www.amazon.in/Amazon-15-6-Inch-Backpack-College-Anti-Theft/dp/B0C8NWKRRH,"Amazon Basics Slope 15.6-Inch Laptop Backpack for Office or College, Anti-Theft Design (23 L, Black)",869,4.3,218.0,B0C8NWKRRH,
https://www.amazon.in/American-Tourister-Unisex-Laptop-Backpack/dp/B0C8649NY8,"American Tourister SHAW Unisex Laptop Backpack - Teal, Unisex, 17'' Laptop Compatible with Multi-Level Organizer and External Bottle Pocket","1,689",3.3,10.0,B0C8649NY8,
https://www.amazon.in/Tabelito-NEXA-Backpack-Business-Compartment/dp/B0C2D4KWQ6,"Tabelito® NEXA 3O L Water Resistant Laptop/College/Office/School/Travel/Business Bag, Unisex Backpack for Men Women Fits Up to 15.6 Inch Laptop Notebook. (GREY)",399,4.2,115.0,B0C2D4KWQ6,
https://www.amazon.in/Shoulder-Lightweight-Duffle-Weekend-Blue-Orange/dp/B09139DYF1,"Aurion Vista Polyester Sports Gym Duffle Bag with Wet Pocket and Shoe Compartment - 1Pc (Blue, 24 Cms) | Lightweight Duffle Bags | Travel Duffel Backpack for Men and Women | Camping | Swimming | Yoga",349,4.0,1098.0,B09139DYF1,
https://www.amazon.in/Skybags-Unisex-Adjustable-Polyester-Backpacks/dp/B0BJ75WR71,Skybags Chase 32L Unisex Adjustable Strap Polyester Red Backpacks,"1,154",4.2,100.0,B0BJ75WR71,
https://www.amazon.in/Amazon-15-6-Inch-Backpack-College-Anti-Theft/dp/B0C8NWKRRH,"Amazon Basics Slope 15.6-Inch Laptop Backpack for Office or College, Anti-Theft Design (23 L, Black)",869,4.3,218.0,B0C8NWKRRH,
https://www.amazon.in/Gear-ltr-Black-Orange-DUFPRO2000106/dp/B00Z93WSVW,Gear polyester 44 cms Duffle Bag(DUFPRO2000106_Black),429,4.3,837.0,B00Z93WSVW,
https://www.amazon.in/Half-Moon-Travelling-Rucksack-Compartment/dp/B09WDGZ32L,Half Moon 55 litres Travelling Laptop Bag/Rucksack Backpack for Luggage Travel Journey Trekking Hiking Bags for Men Women Boys and Girls with Laptop Compartment & Rain Cover,979,4.0,579.0,B09WDGZ32L,
https://www.amazon.in/Crossbody-Adjustable-Durable-Water-Resistant-Travel-Friendly/dp/B0C3RFCH37,"Amazon Basics Sling Bag/Crossbody Bag with Adjustable Strap for Daily and Travel Use, Durable, Water-Resistant, Travel-Friendly (Unisex, Black)",349,4.5,1014.0,B0C3RFCH37,
https://www.amazon.in/Gear-Green-Casual-Backpack-BKPECOBP40503/dp/B019HA8DQQ,Gear Eco4 18L Water Resistant School Bag//Backpack/College Bag for Men/Women - Navy Blue,439,4.0,4283.0,B019HA8DQQ,
https://www.amazon.in/ASTRID-Blue-Diamond-Textured-Cotton/dp/B08W5DQ33D,ASTRID Blue Diamond Textured Cotton Tote Bag,589,4.4,226.0,B08W5DQ33D,
https://www.amazon.in/Mokobara-Backpack-litre-Brown-laptop/dp/B095PC3QPV,"MOKOBARA Backpack 15.5"" Inch Laptop Backpack For Women (16 litres ) Improved (2022 - Model)","4,799",4.2,204.0,B095PC3QPV,
https://www.amazon.in/Safari-Overnighter-Expandable-Travelling-All-Purpose/dp/B097JN1VZX,"Safari Seek 45 Ltrs Overnighter Expandable Travel Laptop Backpack with RainCover (Blue), Water Resistant Spacious Bag pack for Travelling and Camping, All-Purpose Bag for Business & Travel","2,039",4.4,199.0,B097JN1VZX,
https://www.amazon.in/Dolfin-Backpack-Charging-Resistant-Compartment/dp/B0C5RNGRBP,"Dolfin WaterProof Unisex Laptop Backpack 32L with USB Charging Port C, 15.6 inch Compartment, Water-Resistant and Scratch Resistant, Premium Material Laptop Office Bag for Men and Women","1,699",5.0,3.0,B0C5RNGRBP,
https://www.amazon.in/bg1905-Capacity-Laptop-Travelling-Backpack/dp/B082MKHDJ1,TSPARK Red Lemon bg1905 15.6 inch 35 LTR Capacity Laptop Bag for Men Travelling Hiking Backpack for Men and Women,"2,799",4.1,96.0,B082MKHDJ1,
https://www.amazon.in/Flamingo-Cosmetic-Sichumaria-Water-Resistant-Organizer/dp/B0B1HNQHXD,Sichumaria Flamingo Cosmetic Bag Portable Travel Makeup Bag for Women Large Travel Water-Resistant Zipper Makeup Organizer for Girls Make Up Bag Brush Bags (Pink),199,3.9,81.0,B0B1HNQHXD,
https://www.amazon.in/Wildcraft-Ltrs-Casual-Backpack-11650-Red/dp/B079DTDN1J,Wildcraft 29 Ltrs Red Casual Backpack (11650-Red),969,4.1,225.0,B079DTDN1J,
https://www.amazon.in/bg1905-Capacity-Laptop-Travelling-Backpack/dp/B082MKHDJ1,TSPARK Red Lemon bg1905 15.6 inch 35 LTR Capacity Laptop Bag for Men Travelling Hiking Backpack for Men and Women,"2,799",4.1,96.0,B082MKHDJ1,
https://www.amazon.in/Flamingo-Cosmetic-Sichumaria-Water-Resistant-Organizer/dp/B0B1HNQHXD,Sichumaria Flamingo Cosmetic Bag Portable Travel Makeup Bag for Women Large Travel Water-Resistant Zipper Makeup Organizer for Girls Make Up Bag Brush Bags (Pink),199,3.9,81.0,B0B1HNQHXD,
https://www.amazon.in/Gear-Green-Casual-Backpack-BKPECOBP40503/dp/B019HA8DQQ,Gear Eco4 18L Water Resistant School Bag//Backpack/College Bag for Men/Women - Navy Blue,439,4.0,4283.0,B019HA8DQQ,
https://www.amazon.in/ASTRID-Blue-Diamond-Textured-Cotton/dp/B08W5DQ33D,ASTRID Blue Diamond Textured Cotton Tote Bag,589,4.4,226.0,B08W5DQ33D,
https://www.amazon.in/F-Gear-Burner-Casual-Laptop-Backpack/dp/B016115VXW,F Gear Burner P8 19 Ltrs White Casual Laptop Backpack,854,4.3,4017.0,B016115VXW,
https://www.amazon.in/Gizga-Essentials-Organizer-Multi-Utility-Cosmetics/dp/B09WVRKYCJ,"Gizga Essentials Travel Toiletry Kit Bag for Men & Women, Travel Organizer Case with Handle & Hook, Premium Zipper, Multiple Pockets, Multi-Utility Pouch for Shaving Makeup Cosmetics, Light Grey",349,4.2,177.0,B09WVRKYCJ,
https://www.amazon.in/Wildcraft-Nylon-Travel-Duffle-11550/dp/B075T81DVW,Wildcraft Nylon 7 inch Green Travel Duffle (11550),891,4.3,18.0,B075T81DVW,
https://www.amazon.in/HP-Backpack-Laptop-Chromebook-1D0M5PA/dp/B08FM6X8KZ,HP 5 ltrs (2 cms)backpack(1D0M5PA_black),"1,499",4.2,1002.0,B08FM6X8KZ,
https://www.amazon.in/Ant-Esports-Knight-protection-Laptop-Dynamic/dp/B0BZ4WCJHR,"Ant Esports Knight Cobra 23, Large 38L Stylish unisex backpack with USB Charging Port, Earphone/Headphone Port, with rain protection cover and reflective strip, fits upto 17"" Laptop-Dynamic Blue",525,3.9,6.0,B0BZ4WCJHR,
https://www.amazon.in/Safari-Overnighter-Expandable-Travelling-All-Purpose/dp/B097JN1VZX,"Safari Seek 45 Ltrs Overnighter Expandable Travel Laptop Backpack with RainCover (Blue), Water Resistant Spacious Bag pack for Travelling and Camping, All-Purpose Bag for Business & Travel","2,039",4.4,199.0,B097JN1VZX,
https://www.amazon.in/Genie-compartments-Resistant-Lightweight-Travelling/dp/B097JJ64SH,"Genie Fringe Laptop Backpack for Women, 3 compartments, Stylish and Trendy College Bags for Girls, Water Resistant and Lightweight Bags for Office and Travelling Purpose. 36 litres","1,305",4.5,15.0,B097JJ64SH,
https://www.amazon.in/FunBlast-Mens-Womens-Sling-Multicolour/dp/B09N42KLNX,"FunBlast Unicorn Pop it Sling Bag - Crossbody Bag for Kids, Pop it Purse for Girls, Pop It Bag for Girls, Pop it Bag for Girls, (Pack of 1 Pcs Random Color)",351,3.6,205.0,B09N42KLNX,
https://www.amazon.in/Wildcraft-Ltrs-Casual-Backpack-11650-Red/dp/B079DTDN1J,Wildcraft 29 Ltrs Red Casual Backpack (11650-Red),969,4.1,225.0,B079DTDN1J,
https://www.amazon.in/Kuber-Industries-Embroidery-Occasions-HS_38_KUBMART21477/dp/B095C9DPDM,"Kuber Industries Embroidery Small Hand Bag, Tote Bag, Purse For Daily Trips, Travel, Office & All Occasions For Women & Girls (Gold)-HS_38_KUBMART21477",148,3.5,75.0,B095C9DPDM,
https://www.amazon.in/Wildcraft-Polyester-Black-Laptop-8903338054290/dp/B012D4QKHW,Wildcraft 44 cms Polyester Black Laptop Bag (8903338054290),"1,635",4.3,686.0,B012D4QKHW,
https://www.amazon.in/COSMUS-Polyester-Multi-functional-Convertible-15-6-Inch/dp/B07D1R1K84,COSMUS Agility Convertible Backpack Messenger Bag Shoulder bag Laptop Case Handbag Business Briefcase Multi-functional Travel Bag Fits 15.6 Inch Laptop,"2,255",4.2,980.0,B07D1R1K84,
https://www.amazon.in/FunBlast-Mens-Womens-Sling-Multicolour/dp/B09N42KLNX,"FunBlast Unicorn Pop it Sling Bag - Crossbody Bag for Kids, Pop it Purse for Girls, Pop It Bag for Girls, Pop it Bag for Girls, (Pack of 1 Pcs Random Color)",351,3.6,205.0,B09N42KLNX,
https://www.amazon.in/ASTRID-Blue-Diamond-Textured-Cotton/dp/B08W5DQ33D,ASTRID Blue Diamond Textured Cotton Tote Bag,589,4.4,226.0,B08W5DQ33D,
https://www.amazon.in/Kuber-Industries-Embroidery-Occasions-HS_38_KUBMART21477/dp/B095C9DPDM,"Kuber Industries Embroidery Small Hand Bag, Tote Bag, Purse For Daily Trips, Travel, Office & All Occasions For Women & Girls (Gold)-HS_38_KUBMART21477",148,3.5,75.0,B095C9DPDM,
https://www.amazon.in/Wildcraft-Polyester-Black-Laptop-8903338054290/dp/B012D4QKHW,Wildcraft 44 cms Polyester Black Laptop Bag (8903338054290),"1,635",4.3,686.0,B012D4QKHW,
https://www.amazon.in/Wildcraft-Nylon-Travel-Duffle-11550/dp/B075T81DVW,Wildcraft Nylon 7 inch Green Travel Duffle (11550),891,4.3,18.0,B075T81DVW,
https://www.amazon.in/COSMUS-Polyester-Multi-functional-Convertible-15-6-Inch/dp/B07D1R1K84,COSMUS Agility Convertible Backpack Messenger Bag Shoulder bag Laptop Case Handbag Business Briefcase Multi-functional Travel Bag Fits 15.6 Inch Laptop,"2,255",4.2,980.0,B07D1R1K84,
https://www.amazon.in/Lunars-Bingo-Laptop-Resistant-48L/dp/B08YZ5XY31,Lunar's Bingo - 48 L Laptop Office/School/Travel/Business Backpack Water Resistant - Fits Up to 15.6 Inch Laptop Notebook with 1 Year Warranty,819,3.9,10105.0,B08YZ5XY31,
https://www.amazon.in/Safari-Overnighter-Expandable-Travelling-All-Purpose/dp/B097JN1VZX,"Safari Seek 45 Ltrs Overnighter Expandable Travel Laptop Backpack with RainCover (Blue), Water Resistant Spacious Bag pack for Travelling and Camping, All-Purpose Bag for Business & Travel","2,039",4.4,199.0,B097JN1VZX,
https://www.amazon.in/PUMA-Laptop-Backpack-IND-Red-Peacoat/dp/B08BTPS12W,Puma unisex-adult PUMA Laptop Backpack IND III Puma Red-Peacoat Laptop,"1,025",2.9,31.0,B08BTPS12W,
https://www.amazon.in/Wildcraft-Ltrs-Casual-Backpack-11650-Red/dp/B079DTDN1J,Wildcraft 29 Ltrs Red Casual Backpack (11650-Red),969,4.1,225.0,B079DTDN1J,
https://www.amazon.in/Amazon-Basics-15-6-Inch-Backpack-College/dp/B0C8NX7HTX,"Amazon Basics Opel 15.6-Inch Laptop Backpack for Office or College (20 L, Black)",639,4.2,146.0,B0C8NX7HTX,
https://www.amazon.in/NOVICZ-HK001-TRAWOC-SKYBLUE-Blue-Rucksack/dp/B079N6KHPJ,"TRAWOC 60 Ltr Trekking Rucksack Travel Bag Hiking Backback, 1 Year Warranty, HK001","1,625",4.3,3934.0,B079N6KHPJ,
https://www.amazon.in/Trunkit-Waterproof-Travelling-Trekking-Backpack/dp/B08GZB73RZ,Trunkit Waterproof Travelling Trekking Hiking Camping Bag Backpack Series 55 litres Mt Calling Rucksack with Rain Cover,559,4.0,1040.0,B08GZB73RZ,
https://www.amazon.in/Wildcraft-Solid-Backpack-Navy-11908/dp/B07N1D9LX8,Wildcraft 35 Ltrs 18 inch Backpack (11908 Navy_Navy),"1,165",4.1,610.0,B07N1D9LX8,
https://www.amazon.in/Girls-1523-Polyester-Designer-Waterproof-Bag-Backpack/dp/B08F9YVKT1,BEAUTY GIRLS BY HOTSHOT 1523 |School Bag|Tuition Bag|College Backpack|ForGirls&Women|32L Waterproof School Bag,799,4.3,840.0,B08F9YVKT1,
https://www.amazon.in/Backpack-Colleges-Luggage-Waterproof-Stylish/dp/B09GYGCK54,URBAN CARRIER Large 45 Liters Medium Backpack for school and colleges laptop bag luggage bag travel bag Unisex office bag for men Waterproof School Bag for girls stylish backpack for men,579,3.9,506.0,B09GYGCK54,
https://www.amazon.in/Wildcraft-Ltrs-Casual-Backpack-11650-Red/dp/B079DTDN1J,Wildcraft 29 Ltrs Red Casual Backpack (11650-Red),969,4.1,225.0,B079DTDN1J,
https://www.amazon.in/LAPTOP-INCHES-BACKPACK-MULTI-COLOURED-BLACK/dp/B0CCMTX7JG,LAPTOP BAG 20 INCHES | LAPTOP BACKPACK | MULTI-COLOURED LAPTOP BACKPACK,315,,,B0CCMTX7JG,
https://www.amazon.in/TRUE-Anti-Theft-backpack-charging-Epower_B/dp/B0BYBDX8VP,"TRUE HUMAN® Emperor Anti-Theft Pocket backpack With USB charging Port Laptop,office,college,travel bag for men and women(Epower)",599,3.6,264.0,B0BYBDX8VP,
https://www.amazon.in/Wildcraft-Solid-Backpack-Navy-11908/dp/B07N1D9LX8,Wildcraft 35 Ltrs 18 inch Backpack (11908 Navy_Navy),"1,162",4.1,610.0,B07N1D9LX8,
https://www.amazon.in/Gear-LOGI-Q-Resistant-Backpack-Teal-Yellow/dp/B0BTJ3QQJM,Gear LOGI-Q 27L Water Resistant Laptop Bag/Backpack/Office Bag for Men/Women (Teal-Yellow),661.,3.0,5.0,B0BTJ3QQJM,
https://www.amazon.in/Girls-1523-Polyester-Designer-Waterproof-Bag-Backpack/dp/B08F9YVKT1,BEAUTY GIRLS BY HOTSHOT 1523 |School Bag|Tuition Bag|College Backpack|ForGirls&Women|32L Waterproof School Bag,799,4.3,840.0,B08F9YVKT1,
https://www.amazon.in/Backpack-Colleges-Luggage-Waterproof-Stylish/dp/B09GYGCK54,URBAN CARRIER Large 45 Liters Medium Backpack for school and colleges laptop bag luggage bag travel bag Unisex office bag for men Waterproof School Bag for girls stylish backpack for men,579,3.9,506.0,B09GYGCK54,
https://www.amazon.in/Wildcraft-Packs18-Laptop-Backpack-ACE/dp/B07GNK6C98,Wildcraft Work Packs'18 25 Ltrs Black Laptop Backpack (Ace),"1,439",4.5,158.0,B07GNK6C98,
https://www.amazon.in/BEST-DEAL-Womens-Backpack-College/dp/B08FYRN2SL,BEST DEAL 25 ltrs (5 Cms) backpack(AASHISHIMPEXGREY_grey),334,3.6,894.0,B08FYRN2SL,
https://www.amazon.in/POLESTAR-Backpack-compartment-suitable-warranty/dp/B09XT8DF2H,"POLESTAR Dynamic 25 L Bag for College, School, Office, Casual Backpack with 15.6"" Laptop Compartment, Unisex, Stylish & Durable, 1 year warranty",749,3.5,293.0,B09XT8DF2H,
https://www.amazon.in/Wildcraft-Solid-Backpack-Navy-11911/dp/B07ZJ79ZCJ,Wildcraft WC 2 Solid Backpack Navy (11911),"1,374",4.1,192.0,B07ZJ79ZCJ,
https://www.amazon.in/Wildcraft-Hopper-Laptop-Backpack-Blue/dp/B07YNL6H8H,Wildcraft Hopper 1.0 Laptop Backpack 24L (Blue),"1,355",4.4,10.0,B07YNL6H8H,
https://www.amazon.in/Skybags-Cardiff-Polyester-Travel-DFTCAR62EBLU/dp/B073JZ9QGR,Skybags Cardiff Polyester 63.5 cms Blue Travel Duffle,"2,009",4.2,5657.0,B073JZ9QGR,
https://www.amazon.in/Skybags-Cardiff-Polyester-Travel-DFTCAR62ERED/dp/B073JSGMRS,Skybags Cardiff Polyester 63.5 Cms Travel Duffle Bag (Red),"1,908",4.2,5022.0,B073JSGMRS,
https://www.amazon.in/HOEXL-Expandable-Laptop-Backpack-Water-resistant/dp/B0C3J2RLHP,"HOEXL 42L Expandable Laptop Backpack - Premium Laptop Backpacks for Men, Women for Travel, School, College - Tech Bag with USB - Bagpacker Bag for Men, 17 inch Laptop Bags for Multipurpose with Water-resistant, Smart Bag with Multiple Compartments","2,699",5.0,33.0,B0C3J2RLHP,
https://www.amazon.in/Wildcraft-Backpack-Pacto-4-0-Black/dp/B0C4Y9SBW2,"Wildcraft Laptop Backpack Pacto 4.0 Plus (Black, Grey)","3,495",3.0,1.0,B0C4Y9SBW2,
https://www.amazon.in/AirCase-C25-Messenger-Shoulder-Compartments/dp/B07X6DV3VM,"AirCase Office Messenger Sling Bag fits upto 15.6"" Laptop/Macbook, Detachable Shoulder Strap, Waterproof, Shockproof, Carry Handle with Spacious Pockets, For Men & Women, Blue- with Warranty",949,3.9,1354.0,B07X6DV3VM,
https://www.amazon.in/Wildcraft-Laptop-Trident-XL-2_Black/dp/B019DWD8SQ,Wildcraft Unisex Zipper Closure Laptop Backpack (Black_Free Size),"2,575",4.4,579.0,B019DWD8SQ,
