URL,Name,Price,Rating,Reviews,Acin
https://www.amazon.in/Skybags-Brat-Black-Casual-Backpack/dp/B08Z1HHHTD,Skybags Brat Black 46 Cms Casual Backpack,669,4.1,5534,B08Z1HHHTD
https://www.amazon.in/American-Tourister-AMT-SCH-02/dp/B07CJCGM1M,American Tourister Fizz Large Size 32 Ltrs Casual Backpack (BLACK),"1,199",4.0,55280,B07CJCGM1M
https://www.amazon.in/Half-Moon-Backpack-Luggage-Compartment/dp/B09VCLZ3K4,Half Moon Large 37L Laptop Bag Backpack for menं Women Boys and Girls Luggage Travel Bags with 17.3 inches Laptop Compartment & Rain Cover,849,3.9,3451,B09VCLZ3K4
https://www.amazon.in/Half-Moon-Waterproof-Backpack-Students/dp/B085MHDJ93,"Half Moon 35 Ltrs Water Resistant 15.6 inch Laptop Bag for Men/Backpack for Men, Navy Blue | Office Bag for Men/Office Bag for Women with Padded Laptop Compartment | Rain Cover & Reflective Strips",649,3.9,16975,B085MHDJ93
https://www.amazon.in/Safari-45L-21-OB-BLK/dp/B07BZ5VC4H,Safari Seek 45 Ltrs Overnighter Expandable Travel Laptop Backpack,"2,139",4.5,7390,B07BZ5VC4H
https://www.amazon.in/Number-Backpack-Compartment-Charging-Organizer/dp/B09VTDMRY7,"FUR JADEN Anti Theft Number Lock Backpack Bag with 15.6 Inch Laptop Compartment, USB Charging Port & Organizer Pocket for Men Women Boys Girls",679,4.0,5627,B09VTDMRY7
https://www.amazon.in/TRUE-HUMAN-Anti-Theft-backpack-charging/dp/B09QJ7ZF2Y,TRUE HUMAN EMPEROR® Anti-Theft backpack With USB charging Port Laptop bag/Office bag/college bag/travel bag with anti -theft back pocket (LEGEND),599,3.7,2464,B09QJ7ZF2Y
https://www.amazon.in/Half-Moon-Resistant-Backpack-Compartment/dp/B0BJ32LQ6X,Half Moon Large 37L Laptop Bag Backpack for menं Women Boys and Girls Luggage Travel Bags with 17.3 inches Laptop Compartment & Rain Cover,849,3.9,3451,B0BJ32LQ6X
https://www.amazon.in/Police-Polyester-laptop-casual-backpack/dp/B09CQ5T3LN,POLICE Backpack for Men Casual Laptop Bag Office/Travel/College 30 Ltr Hedge Polyester - Black,"1,399",4.1,5857,B09CQ5T3LN
https://www.amazon.in/FUR-JADEN-Leatherette-Polypropylene-DUFF05/dp/B07M9BRCQ5,Fur Jaden Brown Textured Leatherette Stylish & Spacious Weekender Duffle Bag for Travel,899,4.3,6515,B07M9BRCQ5
https://www.amazon.in/Rucksack-Travel-Backpack-Trekking-Compartment/dp/B07YDGQQN5,"Fur Jaden 55 LTR Rucksack Travel Backpack Bag for Trekking, Hiking with Shoe Compartment",849,4.3,5607,B07YDGQQN5
https://www.amazon.in/Backpack-Small-Black-Water-Repellant/dp/B088XB5XY8,"Mi Step Out 12 L Mini Backpack (Small Size, Black, Water Repellant)",249,4.1,9712,B088XB5XY8
https://www.amazon.in/GEAR-Black-Blue-Backpack-years/dp/B019HA8AYG,Gear CarryOn 16L Foldable Water Resistant School Bag//Backpack/College Bag for Men/Women - Blue Black,199,3.7,7059,B019HA8AYG
https://www.amazon.in/Gear-Classic-Leather-Backpack-LBPCLSLTH0201/dp/B07G4F6XFH,Gear Classic 20L Small Size Faux Leather Water Resistant Anti Theft Unisex Laptop Backpack- Brown,979,4.4,6041,B07G4F6XFH
https://www.amazon.in/Wesley-Milestone-Waterproof-Backpack-Business/dp/B084JGJ8PF,Wesley Milestone 2.0 Casual Waterproof Laptop Backpack/Office Bag/School Bag/College Bag/Business Bag/Travel Backpack (Dimensions:13x18 inches) (Compatible with 39.62cm(15.6inch laptop) 30 L (Blue & black),588,4.3,12365,B084JGJ8PF
https://www.amazon.in/American-Tourister-BACKPACK-COMPARTMENT-ORGANIZER/dp/B0BTD4FK9G,"American Tourister VALEX BLUE LAPTOP BACKPACK 28 Ltrs,Volume, LAPTOP COMPARTMENT, BOTTLE POCKET, FRONT ORGANIZER","1,399",4.2,674,B0BTD4FK9G
https://www.amazon.in/SFANE-Duffel-Shoulder-Women-Compartment/dp/B07XXFB9CZ,Sfane Polyester 23cms Duffle/Shoulder/Gym Bag for Men & Women with Separate Shoe Compartment (Grey),387,4.3,7924,B07XXFB9CZ
https://www.amazon.in/Fur-Jaden-Black-Waterproof-Backpack/dp/B078GLXMDY,FUR JADEN Anti Theft Backpack 15.6 Inch Laptop Bag with USB Charging Port For Men Women Boys Girls,839,4.0,13943,B078GLXMDY
https://www.amazon.in/ADISA-Laptop-Backpack-Office-College/dp/B09TPX22NF,ADISA 15.6 inch laptop backpack office bag college travel back pack 32 Ltrs,499,3.9,1155,B09TPX22NF
https://www.amazon.in/Half-Moon-Backpack-Spacious-Multiple/dp/B0C23Z9W18,Half Moon Aztec 37L School Bag Class 5-12 | College Bagpack for Men/College Back pack for Women | 15.6 inch Laptop Bag for Men/Backpack for Men | Spacious & Multiple Pockets,649,3.6,236,B0C23Z9W18
https://www.amazon.in/Lenovo-15-6-Inches-Everyday-Backpack/dp/B08R7RPVJF,"Lenovo 15.6"" (39.62cm) Slim Everyday Backpack, Made in India, Compact, Water-resistant, Organized storage:Laptop sleeve,tablet pocket,front workstation,2-side pockets,Padded adjustable shoulder straps",399,4.3,4224,B08R7RPVJF
https://www.amazon.in/Safari-Laptop-Backpack-Resistant-Fabric/dp/B09B25Z8M2,Safari Quill Large Laptop Backpack 26 Ltrs Water Resistant Fabric - Black,859,3.9,1029,B09B25Z8M2
https://www.amazon.in/American-Tourister-BACKPACK-COMPARTMENT-ORGANIZER/dp/B0BTD4S4XF,"American Tourister VALEX BLACK LAPTOP BACKPACK 28 Ltrs,Volume, LAPTOP COMPARTMENT, BOTTLE POCKET, FRONT ORGANIZER","1,399",4.3,859,B0BTD4S4XF
https://www.amazon.in/Safari-Laptop-Backpack-Resistant-Fabric/dp/B09B28TKLG,Safari Quill Large Laptop Backpack 26 Ltrs Water Resistant Fabric - Blue,859,4.0,777,B09B28TKLG
https://www.amazon.in/ADISA-Casual-Backpack-College-BP046-NAV_Navy/dp/B0BX3QFVSM,ADISA 31 Ltrs Casual Backpack School College Bag Pack,399,3.9,208,B0BX3QFVSM
https://www.amazon.in/WILDHORN-Backpack-Compartment-Business-Stitching/dp/B09QL66G55,"WILDHORN 31L Laptop Backpack for Men/Women I Fits upto 15.6"" Laptop I Waterproof I Travel/Business/College Bookbags",599,4.1,1614,B09QL66G55
https://www.amazon.in/ADISA-BP005-Weight-Casual-Backpack/dp/B07F3X45WZ,ADISA Light Weight Laptop Backpack 32 Ltrs,499,4.0,6090,B07F3X45WZ
https://www.amazon.in/FATMUG-Laptop-Bag-Men-Convertible/dp/B084LF4RT5,"FATMUG Laptop Bag For Men - Convertible Backpack For Office And Travel (Dark Grey,Oxford Fabric)","1,699",4.4,2318,B084LF4RT5
https://www.amazon.in/FUR-JADEN-Backpack-Accessories-Organiser/dp/B0BSHBH9K2,"FUR JADEN 15.6 Inch Smart Laptop Backpack Bag With USB Charging Port, Anti Theft Pocket and Accessories Organiser for Men Women Boys Girls","1,329",4.1,697,B0BSHBH9K2
https://www.amazon.in/WILDHORN-Backpack-Compartment-Business-Stitching/dp/B09QL81ZHB,"WILDHORN 31L Laptop Backpack for Men/Women I Fits upto 15.6"" Laptop I Waterproof I Travel/Business/College Bookbags",599,4.1,1614,B09QL81ZHB
https://www.amazon.in/Arctic-Fox-Liters-String-Backpack/dp/B08L6Q9V1H,Arctic Fox 15 Liters Draw String Bag Lavender Backpack,209,4.2,3525,B08L6Q9V1H
https://www.amazon.in/Gear-Black-Laptop-Backpack-LBPASPIRE0104/dp/B075MK4TXP,Gear Aspire 30L Water Restant Office Laptop Bag/Backpack for Men/Women/(Black),"1,115",4.3,6112,B075MK4TXP
https://www.amazon.in/AirCase-C34-Laptop-Backpack-Women/dp/B07QL8633G,"AirCase Laptop Bag Backpack Case Pouch for Laptop Backpack for Men & Women,Premium Vegan Leather",929,3.9,1095,B07QL8633G
https://www.amazon.in/SAFARI-Ltrs-Casual-Backpack-DAYPACKNEO15CBSEB/dp/B07Q7CNPMV,Safari Compact Size 15 Ltrs Casual Backpack For Unisex Adult - Sea Blue,329,4.0,20500,B07Q7CNPMV
https://www.amazon.in/ADISA-Laptop-Backpack-Office-College/dp/B0BPTV3795,ADISA 32L large laptop backpack office bag college travel back pack with rain cover,599,3.9,322,B0BPTV3795
https://www.amazon.in/Zebronics-TechshieldA1-Compartment-15-6-inch-Polyester/dp/B0C6QV9GCY,"Zebronics TechshieldA1, 18 Liters, 1 Compartment Laptop Backpack and Front Pocket, fit Up to 15.6-inch Laptop, Polyester Fabric, Office Use and Mini Business Travel Bags (Light Grey)",599,5.0,4,B0C6QV9GCY
https://www.amazon.in/Gear-Training-Travel-Duffel-DUFCRSTNG4314/dp/B098FG3GVX,Gear Polyester 23 Cms Travel Bag(DUFCRSTNG4314_Khaki),478,4.1,562,B098FG3GVX
https://www.amazon.in/Safari-Laptop-Backpack-Compartments-Resistant/dp/B09B27S9SG,"Safari Tribe 35 Ltrs Large Laptop Backpack with 3 Compartments, Water Resistant Fabric - Black (TRIBE19CBBLK)","1,109",3.8,1714,B09B27S9SG
https://www.amazon.in/Number-Backpack-Compartment-Charging-Organizer/dp/B09VTC876Z,"FUR JADEN Anti Theft Number Lock Backpack Bag with 15.6 Inch Laptop Compartment, USB Charging Port & Organizer Pocket for Men Women Boys Girls",670,4.0,5627,B09VTC876Z
https://www.amazon.in/LOOKMUSTER-Waterproof-Backpack-College-Business/dp/B0BS6YGKMC,LOOKMUSTER Casual Waterproof Laptop Backpack/Office Bag/School Bag/College Bag/Business Bag/Travel Backpack…,613,3.9,45,B0BS6YGKMC
https://www.amazon.in/Motherly-Stylish-Babies-Diaper-Mothers/dp/B07DMKJJB4,motherly Stylish Babies Diaper Bags for Mothers - Economical Version (Grey and Pink),"1,799",4.6,5923,B07DMKJJB4
https://www.amazon.in/AUXTER-BLACKY-Duffel-Emboss-Black/dp/B07F2H25NP,AUXTER Faux Leather 23 Cms Duffle Bag(AUX_GB_LE_Black -SE__0521_Black),429,4.3,9298,B07F2H25NP
https://www.amazon.in/AmazonBasics-Mini-Backpack-Outdoor-Black/dp/B0BRKFXT9Z,AmazonBasics - Mini Backpack for Outdoor Use (12 l) (Black),279,3.7,616,B0BRKFXT9Z
https://www.amazon.in/Lunars-V-Line-Resistant-Bagpack-College/dp/B08BP5CYDV,"Lunar's V-Line Backpack for Men, Blue | 35L Water Resistant School Bags for Boys | Stylish, & Durable | College Bags for Men/College Bag for Girls | 1 Yr Warranty",735,4.1,2687,B08BP5CYDV
https://www.amazon.in/Zipline-Nexa-Resistant-Bagpack-Backpack/dp/B08WQ668WJ,Zipline Unisex Casual Polyester 36 L Backpack School Bag Women Men Boys Girls Children Daypack College Bag Book School Sports Bag,843,3.6,913,B08WQ668WJ
https://www.amazon.in/TRUE-Emperor-Anti-Theft-backpack-charging/dp/B0BYB631NR,"TRUE HUMAN® Emperor Anti-Theft Pocket backpack With USB charging Port Laptop,office,college,travel bag for men and women(Epower)",599,3.6,264,B0BYB631NR
https://www.amazon.in/Lavie-Sport-Duffle-Luggage-Trolley/dp/B097RJ22Q3,Lavie Sport Lino Large Size 63 cms Wheel Duffle Bag for Travel | Travel Bag with Trolley,"1,049",4.0,8327,B097RJ22Q3
https://www.amazon.in/Wildcraft-Wolf_Blk-Casual-Backpack-11629-Wolf_Blk/dp/B079DDT65R,Wildcraft Nylon 44 Ltrs Casual Backpack (11629-Wolf_Black),"1,769",4.3,5876,B079DDT65R
https://www.amazon.in/Nivia-Deflate-5180BK-Polyester-Round/dp/B07222KX3S,NIVIA Deflate Round 01 Polyester Gym Bag/Unisex Gym Bags/Adjustable Shoulder Bag for Men/Duffle Gym Bags for Men/Carry Gym Accessories/Fitness Bag/Sports &Travel Bag/Gym kit Bag (Black),459,4.2,7604,B07222KX3S
https://www.amazon.in/Genie-Flamenco2-Backpack-Compatible-Resistant/dp/B08YF9VHTY,Genie Flamenco2 Casual Backpacks for Women,733,4.3,1558,B08YF9VHTY
https://www.amazon.in/Nelle-Harper-Womens-Sling-Green/dp/B07JGQM7DC,Nelle Harper Women's Handbag,959,3.7,1924,B07JGQM7DC
https://www.amazon.in/LOOKMUSTER-Waterproof-Backpack-College-Business/dp/B0BZW8KW18,LOOKMUSTER (15.6 inch 30 L Casual Waterproof Laptop Backpack/Office Bag/School Bag/College Bag/Business Bag/Unisex Travel Backpack,439,3.7,55,B0BZW8KW18
https://www.amazon.in/Safari-Spartan-Water-Resistant-Backpack/dp/B09B26MB5M,"Safari Spartan 21 Ltrs Water Resistant Backpack - Blue, S (SPARTAN19CBBLU)",609,3.8,974,B09B26MB5M
https://www.amazon.in/Wildcraft-Green-Casual-Backpack-11650-Green/dp/B079DV66TY,Wildcraft 29.5 Ltrs Green Casual Backpack (11650-Green),990,4.1,401,B079DV66TY
https://www.amazon.in/Safari-Casual-Backpack-Charging-Resistant/dp/B09B2581S9,"Safari Sneak Casual Backpack with USB Charging Port 26 Ltrs Water Resistant Fabric - Grey, L (SNEAK19CBGRE)",959,3.7,1054,B09B2581S9
https://www.amazon.in/Skybags-Unisex-Gucci-Fabric-Backpacks/dp/B0B21XCFRM,Skybags Unisex Gucci Fabric Backpacks,809,3.9,407,B0B21XCFRM
https://www.amazon.in/Nivia-6853-Polyester-Basic-Duffle/dp/B07FWQ9HRV,NIVIA Basic Duffle Polyester Bag/Gym Bags/Adjustable Shoulder Bag for Men/Duffle Gym Bags for Men/Fitness Bag/Carry Bags/Sports & Travel Bag/Sports Kit/Duffle Bags Travel,269,4.0,3846,B07FWQ9HRV
https://www.amazon.in/Safari-Sheild-Resistant-Casual-Backpack/dp/B09B28M2RN,Safari Sheild 26 Ltrs Water Resistant Casual Backpack - (SHEILD19CBBLK),709,4.0,560,B09B28M2RN
https://www.amazon.in/Gear-Vintage2-Leather-Backpack-LBPVG2LTH0501/dp/B07G4HH78P,Gear Vintage2 28L Medium Size Faux Leather Water Resistant Anti Theft Unisex LaptopBackpack- Navy,969,4.4,3352,B07G4HH78P
https://www.amazon.in/Safari-Spartan-Water-Resistant-Backpack/dp/B09B277CR5,"Safari Spartan 21 Ltrs Water Resistant Backpack - Teal, S (SPARTAN19CBTEA)",609,3.8,958,B09B277CR5
https://www.amazon.in/ZIPLINE-Polyester-Backpack-Children-Daypack/dp/B07XVMR33Q,Zipline Unisex casual polyester 36 L Backpack School Bag Women Men Boys Girls children Daypack College Bag Book School Sports Bag Weekend Bag,843,4.0,6345,B07XVMR33Q
https://www.amazon.in/Gear-Beige-Casual-Backpack-BKPTRMP520522/dp/B00VWM11HQ,Gear Triumph Summer Print 26L Water Resistant Backpack with Rain Cover/School Bag/College Bag/Daypack/Casual Backack for Girls/Women (Blue-Beige),797,4.2,5724,B00VWM11HQ
https://www.amazon.in/ROZEN-School-partition-Collage-Backpack/dp/B0BRTDXVZC,"ROZEN 47 Ltrs, 46 cms School Bag Class 5-12 Large 5 partition Laptop Collage Office Travel Backpack Unisex",697,4.0,205,B0BRTDXVZC
https://www.amazon.in/Martucci-Casual-Travelling-Laptop-Backpack/dp/B088B4P6ZW,Martucci 15.6 inch 30 L Casual Waterproof Laptop Backpack/Office Bag/School Bag/College Bag/Business Bag/Unisex Travel Backpack(Black),549,3.9,7770,B088B4P6ZW
https://www.amazon.in/Genie-Miami-litres-Casual-Backpack/dp/B07SRGGGNC,"Genie Miami Laptop Backpack for Women,Tuition bag, 16 inches Office Bag, Sky Blue Stylish and Trendy Bag for Office and College",803,4.2,1487,B07SRGGGNC
https://www.amazon.in/Nivia-5183-Polyester-Duffle-Medium/dp/B071KNXQ7Y,NIVIA Beast Gym Bag-4 Polyester/Unisex Gym Bags/Shoulder Bag for Men & Women with Separate Shoes Compartment/Carry Gym Accessories/Fitness Bag/Sports & Travel Bag/Sports Kit,499,4.2,3505,B071KNXQ7Y
https://www.amazon.in/DZert-Panda-School-Backpacks-Cartoon/dp/B07WSBV3BN,DZert Kids School Bag Soft Plush Backpacks Cartoon Boys Girls Baby (2-5 Years),249,3.7,12105,B07WSBV3BN
https://www.amazon.in/Step-Backpack-Small-Water-Repellant/dp/B088XG77KN,"Mi Step Out 12 L Mini Backpack (Small Size, Red, Water Repellant)",398,4.1,9712,B088XG77KN
https://www.amazon.in/Half-Moon-Backpack-Spacious-Multiple/dp/B0C6N3MYL2,Half Moon Aztec 37L School Bag Class 5-12 | College Bagpack for Men/College Back pack for Women | 15.6 inch Laptop Bag for Men/Backpack for Men | Spacious & Multiple Pockets,649,3.6,236,B0C6N3MYL2
https://www.amazon.in/Half-Moon-Laptop-Bag-Compartment/dp/B0C1NZLF67,Half Moon Valex Unisex School Bag/ 15.6 inch Laptop Backpack/College Bagpack/Office Back Packed | Laptop Bag for Men & Women | School Bags for Boys & Girls with Small Pockets & Laptop Compartment,649,3.7,93,B0C1NZLF67
https://www.amazon.in/Bennett-15-6-inch-College-Repellent-Backpack/dp/B09WZKHSDR,"Bennett Casual Laptop Bag School Bags for Boys Girls 15.6-inch, 25 LTR Office & College bags for Mens Water Repellent Backpack for Men & Women (GREY)",512,3.9,714,B09WZKHSDR
https://www.amazon.in/Lavie-Odiase-Womens-Satchel-Handbag/dp/B08SW9RJ75,Lavie Women's Odiase Medium Satchel Bag | Ladies Purse Handbag,"1,099",4.1,1516,B08SW9RJ75
https://www.amazon.in/School-school-partition-Collage-Backpack/dp/B09NNYCQ1Q,URBAN CARRIER School Bag For girls school bags for boys Class 5-10 Large 4 partition 45 L Laptop Collage Office Travel Unisex Backpack,431,3.5,1085,B09NNYCQ1Q
https://www.amazon.in/Gear-Black-Casual-Backpack-MDBKPECO50104/dp/B0757MBSS6,Gear Casual Backpack,399,3.8,2247,B0757MBSS6
https://www.amazon.in/Tabelito-NEO-Backpack-Business-Compartment/dp/B0C2D2Q52R,"Tabelito® NEO 3O L Water Resistant Laptop/College/Office/School/Travel/Business Bag, Unisex Backpack for Men Women Fits Up to 15.6 Inch Laptop Notebook.",399,4.0,191,B0C2D2Q52R
https://www.amazon.in/Skybags-Unisex-Grey-Jacqard-Laptop/dp/B09ZV9SLBJ,Skybags Unisex Grey Jacqard 34L Laptop Bags,"1,248",4.1,85,B09ZV9SLBJ
https://www.amazon.in/Dyazo-Resistant-Photographers-Compatible-Panasonic/dp/B0BWWD1QQQ,Dyazo Water Resistant Camera Backpack with Extra Front Pocket Photographers Bag with Rain Cover Tripod Holder Compatible for Sony Nikon Canon Panasonic DSLR (Black & Orange),799,4.3,523,B0BWWD1QQQ
https://www.amazon.in/Safari-Backpack-Resistant-Polyester-Travelling/dp/B09B26VHXV,"Safari Flash Casual Backpack, 26 ltr Water Resistant Travel Bags| Weight Polyester Bagpack for Men and Women, Spacious Shoulder Bag for College, Office, Travelling and Camping",809,3.8,3157,B09B26VHXV
https://www.amazon.in/Murano-Casual-daybackpack-Office-College/dp/B0BX9FLPNX,Murano Louis 10ltr Casual daybackpack/Office & Travel Bag/School Bag/College Bag/Men/Women/Girl/Boy (Orange),269,3.1,74,B0BX9FLPNX
https://www.amazon.in/Lavie-Sport-Chairman-Compatible-compartments/dp/B09YCSCRBW,Lavie Sport Chairman Backpack with Laptop Sleeve | Premium Leatherette Business Backpack for Men & Women | Durable Office Bag for Notebook/MacBook,849,3.9,1405,B09YCSCRBW
https://www.amazon.in/BennettTM-Shoulder-Messenger-Repellent-Charcoal/dp/B09CV24TMK,Bennett™ Mystic Unisex Adult Men's Laptop Bag 15.6 inch Side Shoulder Briefcase Satchel Messenger Business Bags for Men & Women Front Pocket for Laptop Accessories - Black (6 Month Warranty),512,4.0,6465,B09CV24TMK
https://www.amazon.in/ADISA-BP004-Weight-Casual-Backpack/dp/B07G3CG9FC,ADISA Laptop Backpack 31 Ltrs,399,4.0,9048,B07G3CG9FC
https://www.amazon.in/Classic-Leather-Laptop-Backpack-LBPCLSLTH1901/dp/B07G4CYC74,Gear Classic 20L Small Size Faux Leather Water Resistant Anti Theft Unisex Laptop Backpack- Tan-Black,979,4.4,2517,B07G4CYC74
https://www.amazon.in/ADISA-Womens-Girls-Party-Crossbody/dp/B0B2WBJ2H8,ADISA Women's Girls Party Sling Bag Crossbody,394,4.0,615,B0B2WBJ2H8
https://www.amazon.in/FATMUG-Foldable-Luggage-Packing-Storage/dp/B07YFNXC3H,"FATMUG Polyester Foldable Duffle Travel Bag Luggage For Travel, Packing And Storage - Men And Women - (60 L, Black)","1,099",4.2,1462,B07YFNXC3H
https://www.amazon.in/Martucci-Laptop-Backpack-College-Reflective/dp/B0B7DT6HY3,Martucci Large 35 L Backpack Spacy Unisex/College/School/Travel Backpack with Rain Cover and Reflective Strip,746,4.0,1259,B0B7DT6HY3
https://www.amazon.in/Gear-Colorado-Orange-Laptop-Backpack/dp/B097K6KD7W,F Gear Colorado Grey Orange 39 Ltrs Laptop Backpack (3814),895,4.2,224,B097K6KD7W
https://www.amazon.in/TAGUDA-foldable-portable-lightweight-organizer/dp/B0B8CSC4F1,TAGUDA Travel Foldable Portable Lightweight Luggage Storage Duffle Tote Hand Organizer Easy Carry Bags Backpack Set for Men Women Travel Luggage (Mint Green Travel Bag),299,3.4,90,B0B8CSC4F1
https://www.amazon.in/American-Tourister-AMT-SCH-BAG02/dp/B07CGLDV2C,American Tourister Casual Backpack,"1,249",4.2,4101,B07CGLDV2C
https://www.amazon.in/DIVULGE-Drawstring-Bag-Sports-Utility/dp/B07PXTDBH4,"DIVULGE Multi Utility Drawstring Bag (Black , 16 L)",145,4.0,1158,B07PXTDBH4
https://www.amazon.in/Casual-Backpack-Charging-Laptop-Compartment/dp/B07J46KLFP,"FUR JADEN 15.6 Inch Laptop Backpack 25 LTR Bag for School, College and Office with USB Charging Port",479,3.9,10365,B07J46KLFP
https://www.amazon.in/F-Gear-Trail-Waist-Bag-Marpat-WL-Camo/dp/B08NYGDLCN,F Gear Trail Sports Waist Bag (Marpat WL Camo),479,4.4,1151,B08NYGDLCN
https://www.amazon.in/HP-Lightweight-200-Green-Backpack/dp/B08CY1XYFL,"HP Lightweight 200 15.6-inch Laptop Backpack with Padded Shoulder Straps, Green","1,499",4.3,278,B08CY1XYFL
https://www.amazon.in/Wesley-Milestone-Waterproof-Backpack-Business/dp/B07K8KLB3P,"Wesley Unisex Milestone Casual Waterproof Laptop Office School College Business Travel Backpack 25 L (Dimensions: 12.5x18 inches) (Compatible with 15.6 inch laptops), Navy Blue",448,4.3,13271,B07K8KLB3P
https://www.amazon.in/Tabelito-NEO-Backpack-Business-Compartment/dp/B0C2D2GPWJ,"Tabelito® NEO 3O L Water Resistant Laptop/College/Office/School/Travel/Business Bag, Unisex Backpack for Men Women Fits Up to 15.6 Inch Laptop Notebook.",399,4.0,191,B0C2D2GPWJ
https://www.amazon.in/Number-Backpack-Compartment-Charging-Organizer/dp/B09VTCNN75,"FUR JADEN Anti Theft Number Lock Backpack Bag with 15.6 Inch Laptop Compartment, USB Charging Port & Organizer Pocket for Men Women Boys Girls",679,4.0,5627,B09VTCNN75
https://www.amazon.in/Gear-Vintage2-Leather-Backpack-LBPVG2LTH1901/dp/B07G4F3758,Gear Vintage2 Anti Theft Faux Leather 18 cms Tan Laptop Backpack,979,4.3,1694,B07G4F3758
https://www.amazon.in/Tabelito-NEXA-Backpack-Business-Compartment/dp/B0C2D3YR7T,"Tabelito® NEXA 3O L Water Resistant Laptop/College/Office/School/Travel/Business Bag, Unisex Backpack for Men Women Fits Up to 15.6 Inch Laptop Notebook. (GREY)",399,4.2,115,B0C2D3YR7T
https://www.amazon.in/F-Gear-String-Polyester-33-cms-Black-Drawstring-Gym-Bag/dp/B07PC28YQ9,F Gear String 11 Ltrs Nylon Black Gym Bag,190,4.0,593,B07PC28YQ9
https://www.amazon.in/ROZEN-partition-Collage-Backpack-SKYBLUE/dp/B0BRTFGG22,"ROZEN 47 Ltrs, 46 cms School Bag Class 5-12 Large 5 partition Laptop Collage Office Travel Backpack Unisex",697,4.0,205,B0BRTFGG22
https://www.amazon.in/Half-Moon-Waterproof-Backpack-Students/dp/B0BR149RMT,Half Moon 35 L Casual Waterproof Laptop Bag/Backpack for Men Women Boys Girls/Office School College Teens & Students with Rain Cover (18 Inch) (Sky Blue),699,3.6,105,B0BR149RMT
https://www.amazon.in/Fur-Jaden-Camping-Rucksack-Backpack/dp/B07PMWMN19,Fur Jaden Hiking Camping Rucksack Casual 10 Ltrs Blue Casual Backpack,249,3.6,7981,B07PMWMN19
https://www.amazon.in/Tabelito%C2%AE-Delta-Waterproof-Backpack-Compatible/dp/B0BLK2RL23,"Tabelito® DELTA Casual Waterproof Laptop Backpack/Office Bag/School Bag/College Bag/Business Bag/Unisex Travel Backpack (Compatible with 15.6 inch Laptop) 30 L, (6 Month Warranty)",599,4.2,124,B0BLK2RL23
https://www.amazon.in/Kleider-Travel-Business-Messenger-Shoulder/dp/B084ZHP97M,DEIN KLEIDER Men's Nylon Messenger Bag,349,4.0,5289,B084ZHP97M
https://www.amazon.in/Half-Moon-Resistant-Backpack-Compartment/dp/B09GG53CSL,Half Moon 34 L Water Resistant 15.6 inch Laptop Bag/Backpack for Men Women Boys Girls/Office School College with Padded Laptop Compartment (Grey),698,3.9,1372,B09GG53CSL
https://www.amazon.in/Killer-Backpack-Compartments-Polyester-Waterproof/dp/B07CDD6YS2,KILLER Louis 38L Large Laptop Backpack With 3 Compartments Polyester Trendy Waterproof Travel Backpack,"2,067",4.4,11412,B07CDD6YS2
https://www.amazon.in/Safari-Formal-Backpack-Anti-Theft-VAULT19CBBLK/dp/B07XSTR69N,"Safari 48 Cms Black Formal/Office/Laptop Backpack With Anti-Theft, Lock, Usb And Rfid (Vault19Cbblk)",997,4.0,898,B07XSTR69N
https://www.amazon.in/Mokobara-Transit-Backpack-Laptop-Sunray/dp/B09V7R98XC,"MOKOBARA The Transit Backpack - 30L Premium Nylon 15.6"" Unisex Laptop Bag With Luggage Sleeve","4,999",4.5,653,B09V7R98XC
https://www.amazon.in/Skybags-Unisex-Adjustable-Polyester-Backpack/dp/B0BJ763F7Y,Skybags Kick Unisex Adjustable Strap Polyester Laptop Backpack,"1,360",4.0,70,B0BJ763F7Y
https://www.amazon.in/Safari-Polyester-Cms-Travel-KRYPTON17DFBLK_Black/dp/B097L3XJ38,Safari Polyester 24 Cms Travel Bag(KRYPTON17DFBLK_Black),575,4.0,48,B097L3XJ38
https://www.amazon.in/Fur-Jaden-Charging-Waterproof-BM36_BlueZip/dp/B07MXM5M99,"Fur Jaden 15.6 Inch Laptop Backpack 25 LTR Bag for School, College and Office with USB Charging Port",479,3.9,10365,B07MXM5M99
https://www.amazon.in/HARISSONS-15-6-inch-Backpack-Organizers-Detachable/dp/B07M5P5LW3,"HARISSONS Bags Vervo 15.6-inch Laptop/Travel/Casual Backpack for Men and Women with Rain Cover (Black, 40 Ltrs) | Quick Access Zippered Pocket, Detailed Organizers & a Detachable Key Chain Holder","2,960",4.4,2016,B07M5P5LW3
https://www.amazon.in/HARISSONS-15-6-inch-Backpack-Organizers-Detachable/dp/B07M5P5LW3,"HARISSONS Bags Vervo 15.6-inch Laptop/Travel/Casual Backpack for Men and Women with Rain Cover (Black, 40 Ltrs) | Quick Access Zippered Pocket, Detailed Organizers & a Detachable Key Chain Holder","2,960",4.4,2016,B07M5P5LW3
https://www.amazon.in/Safari-Polyester-Cms-Travel-KRYPTON17DFBLK_Black/dp/B097L3XJ38,Safari Polyester 24 Cms Travel Bag(KRYPTON17DFBLK_Black),575,4.0,48,B097L3XJ38
https://www.amazon.in/Delrin-Backpack-Motorcycle-Waterproof-Programmable/dp/B0CBSGG3LX,"Delrin LED Backpack with APP Working, Laptop Bag Motorcycle Riding Backpack Waterproof Backpack with Programmable and Color Screen, Travel Backpack 25 ltrs (48 Cms)","19,799",,,B0CBSGG3LX
https://www.amazon.in/F-Gear-Spartan-Black-Laptop-Backpack/dp/B07X82WYGL,F Gear Spartan 24 Ltrs Black Laptop Backpack (3179),623,4.0,110,B07X82WYGL
https://www.amazon.in/Cosmus-Casual-Backpack-Charger-College/dp/B09HX54TGF,COSMUS Vogue Casual Laptop Backpack with USB Charger Port 46cm 26 Litre College Bag,"1,409",4.2,1422,B09HX54TGF
https://www.amazon.in/Gear-Superior-Casual-Backpack-BKPSPRIOR0001/dp/B08GY2ZN96,Gear Superior 16LWater Resistant School Bag//Backpack/College Bag for Men/Women - Black,350,4.0,333,B08GY2ZN96
https://www.amazon.in/Tabelito%C2%AE-Basic-Laptop-Sleeve-Surfacepro/dp/B09NDTW8SP,Tabelito® Basic Laptop Bag Laptop Cover Laptop Bags Laptop Sleeve Office Bag Laptop Bag 15.6 inch(39.6cm) Laptop Apple/Lenovo/Asus/Hp/MacBook/Thinkpad/Ideapad (Grey),299,4.1,2402,B09NDTW8SP
https://www.amazon.in/Gear-Workspace-Briefcase-Black-Red-BKPWRPHYD0101/dp/B097KGL2M5,Gear Workspace 18L Water Resistant Laptop Bag/Backpack/Office Bag for Men/Women-Black,907,4.2,345,B097KGL2M5
https://www.amazon.in/Lavie-Beech-Womens-Satchel-Handbag/dp/B096KTWTXC,Lavie Women's Beech Satchel Bag | Ladies Purse Handbag,"1,518",4.2,2329,B096KTWTXC
https://www.amazon.in/Hammonds-Flycatcher-Genuine-Leather-Messenger/dp/B07MDTVDQH,"HAMMONDS FLYCATCHER Genuine Leather Laptop Bag for Men/Office Bag for Men, Brown |Fits Upto 14 Inch Laptop Bag/MacBook |Leather Bag for Men with Shoulder Straps |Crossbody Laptop Messenger Bag for Men","2,417",4.4,2420,B07MDTVDQH
https://www.amazon.in/Glowic-Unisexs-Backpack-College-Students/dp/B0BGX9W69N,Glowic Unisex's Backpack for Men Women Boys Girls/Office School College Teens & Students (WBAG-64) (Black),969,3.6,263,B0BGX9W69N
https://www.amazon.in/ADISA-Laptop-Backpack-College-z-Black/dp/B09TPY1G1W,ADISA 15.6 inch laptop backpack office bag college travel back pack 32 Ltrs,499,3.9,1155,B09TPY1G1W
https://www.amazon.in/Safari-Duffle-Travel-Luggage-Trolley/dp/B097JJXL9K,Safari Arc Polyester 55 Cms 2 Wheel Travel Duffel Bag (Red),"1,309",3.8,400,B097JJXL9K
https://www.amazon.in/Half-Moon-Trekking-Bags-Compartment/dp/B08PSX1LN9,Half Moon 45L Hammer Waterproof Laptop Travelling Rucksack Trekking Backpack for Travel Journey bags for Men Women Boys & Girls with 17.3inch Laptop Compartment & Rain cover,"1,349",4.1,1427,B08PSX1LN9
https://www.amazon.in/NORTH-ZONE-Lightweight-Backpacks-Stylish/dp/B0BL3S5NC1,NORTH ZONE Lightweight school bags Backpacks for Boys Girls Stylish men and women Casual Travel Laptop Bag College office,630,4.0,935,B0BL3S5NC1
https://www.amazon.in/Nivia-Pulse-Junior-Bag-Aqua-Green/dp/B08D7QNYZX,"Nivia 5227 Pulse Junior Bag, Others (Orange) (Aqua/Green)",294,3.7,251,B08D7QNYZX
https://www.amazon.in/WILD-MODA-Womens-Shoulder-Turquoise/dp/B099PLT91X,"WILD MODA Women's Shoulder Bag, Set of 1",849,4.2,3370,B099PLT91X
https://www.amazon.in/ZOUK-Handmade-Leather-Handles-Multicolor/dp/B09QRYDXJH,ZOUK Women Laptop Bag Royal Indian Peacock Motif,"1,698",4.4,151,B09QRYDXJH
https://www.amazon.in/Martucci-Waterproof-Backpack-College-Business/dp/B0B1HM2ZGX,Martucci 16 inch 36L Casual Waterproof Backpack/Office Bag/School Bag/College Bag/Business Bag/Unisex Travel Backpack,599,3.8,199,B0B1HM2ZGX
https://www.amazon.in/Tabelito%C2%AE-Delta-Waterproof-Backpack-Compatible/dp/B0BLK1Z7DQ,"Tabelito® DELTA Casual Waterproof Laptop Backpack/Office Bag/School Bag/College Bag/Business Bag/Unisex Travel Backpack (Compatible with 15.6 inch Laptop) 30 L, (6 Month Warranty)",599,4.4,199,B0BLK1Z7DQ
https://www.amazon.in/ADISA-Laptop-Backpack-Office-College/dp/B0BPVLXD53,ADISA 32L large laptop backpack office bag college travel back pack with rain cover,599,3.9,322,B0BPVLXD53
https://www.amazon.in/Skybags-Unisex-Gucci-Fabric-Backpacks/dp/B0B21XYWWH,Skybags Unisex Red Gucci Fabric 10L Backpacks,460,3.8,110,B0B21XYWWH
https://www.amazon.in/F-Gear-Raider-Marpat-Navy-Backpack/dp/B07F1157TV,F Gear Raider 30 Liter Backpack with Rain Cover (.Marpat Navy Digital Camo),832,4.2,3042,B07F1157TV
https://www.amazon.in/Genie-Ltrs-School-Backpack-SPRAY19SBBLU/dp/B07QFF2RZR,"Genie Spray School Bag for Girls, 19 inch Backpack for Women, 3 compartments Water Resistant Stylish and Trendy College Backpacks for Girls","1,155",4.0,1664,B07QFF2RZR
https://www.amazon.in/Hilfiger-Joshua-Backpack-TH-JOSHUALAP08/dp/B07N8HR66T,Tommy Hilfiger Joshua Laptop Backpack,"2,049",4.1,578,B07N8HR66T
https://www.amazon.in/Priority-ARC-Red-Polyester-Trolley/dp/B08HHD4T6W,Priority ARC 56 cm Red Polyester 2 Wheel Duffle Trolley Bag | Travel Luggage for Men & Women,699,4.1,328,B08HHD4T6W
https://www.amazon.in/Business-Casual-Resistant-Laptop-Backpack/dp/B0862V2GKH,MI Business Casual 21L Water Resistant Laptop Backpack,999,4.4,1392,B0862V2GKH
https://www.amazon.in/Storite-Bag-Compartment-Weekender-Overnight/dp/B0B7RVY9GR,"Storite Nylon 44 cms Imported Travel Duffle Bag Sports Gym Shoulder Bag for Women with Wet Pocket & Shoe Compartment Weekender Overnight Travel Luggage Bag (Grey, 44 x 18 x 29 cm)","1,199",4.1,228,B0B7RVY9GR
https://www.amazon.in/ZOUK-Printed-Handmade-Leather-handles/dp/B07NHYLTY7,ZOUK Black Floral Printed Handmade Vegan Leather Women's Office Bag for 15.6 inch Laptop with double handles - FloMotif,"1,599",4.3,1004,B07NHYLTY7
https://www.amazon.in/Mammon-Womens-Handbag-plain-tan-35x35/dp/B07LBC7Z59,Mammon Women's Tote Bag,264,3.6,2750,B07LBC7Z59
https://www.amazon.in/American-Tourister-FS0-11-001/dp/B07S13P8BW,American Tourister Spin 49 cms Teal Laptop Backpack,"1,699",4.0,1494,B07S13P8BW
https://www.amazon.in/FATMUG-Laptop-Bag-Men-Convertible/dp/B084LFS4G1,FATMUG Laptop Bag For Men - Convertible Backpack For Office And Travel (Navy Blue Oxford Fabric),"1,699",4.4,2318,B084LFS4G1
https://www.amazon.in/American-Tourister-FS0-11-001/dp/B07S13P8BW,American Tourister Spin 49 cms Teal Laptop Backpack,"1,699",4.0,1494,B07S13P8BW
https://www.amazon.in/FATMUG-Laptop-Bag-Men-Convertible/dp/B084LFS4G1,FATMUG Laptop Bag For Men - Convertible Backpack For Office And Travel (Navy Blue Oxford Fabric),"1,699",4.4,2318,B084LFS4G1
https://www.amazon.in/Genie-compartments-Resistant-Lightweight-Travelling/dp/B0C85YCDR7,"Genie Swirl Laptop Backpack for Women, 3 compartments, Water Resistant and Lightweight Bags for Office and Travelling Purpose. 36 litres. (19 inch). Tie-dye print","1,004",4.3,4,B0C85YCDR7
https://www.amazon.in/DZert-Kids-Grey-School-Years/dp/B07QD1M3R9,DZert Kids School Bag Soft Plush Backpacks Cartoon Boys Girls Baby (2-5 Years),200,3.7,3196,B07QD1M3R9
https://www.amazon.in/WildHorn-Leather-Laptop-Messenger-Dimension/dp/B079HQKSZN,WildHorn Leather Laptop Bag for Men I Fits Upto 15.6 Inch Laptop/MacBook I Padded Laptop Compartment I Carry Handles with Adjustable Strap I DIMENSION : L-16 inch W-4 inch H-12 inch,"2,629",4.2,973,B079HQKSZN
https://www.amazon.in/Storite-Travel-Bag-Lightweight-GreenPink/dp/B0B3JBYZ8C,"Storite Nylon 46 Cm Multi Purpose Travel Duffle Bag for Women with Dry and Wet Separate Pocket, Lightweight Waterproof Backpack Carry Luggage Bag with Shoe Compartment (GreenPink, 46x23x25 cm)","1,399",4.2,379,B0B3JBYZ8C
https://www.amazon.in/Waterproof-Capacity-Backpack-Teenage-Rucksack/dp/B0CDHD9BZD,"TEESTA Waterproof Travel Casual Large Capacity 17.5 Inch Backpack Teenage Girls Laptop Rucksack Fashion School Bag with Small Case for Men/Women/Student/Gym(Black,1-Pcs)","1,299",4.4,16,B0CDHD9BZD
https://www.amazon.in/AirCase-C30-Messenger-Compartments-Multi-Pockets/dp/B07V47HHRG,"AirCase Office Sling Messenger Bag fits Upto 15.6"" Laptop/MacBook, Detachable Shoulder Strap, Waterproof, Shockproof, Spacious Pockets for Office/Travel","1,499",3.5,750,B07V47HHRG
https://www.amazon.in/Lunars-Router-Resistant-Raincover-Organiser/dp/B08YR63B9M,"Lunar's 35 L Laptop Office/School/Travel/Business Backpack Water Proof - Fits Up to 15.6 Inch Laptop Notebook, With Raincover, Inside Organiser and 1 Year Warranty (All)",778,3.8,1138,B08YR63B9M
https://www.amazon.in/Wildcraft-Black-Casual-Backpack-11652-Black/dp/B079Q79FX5,Wildcraft 31 Ltrs Black Casual Backpack (11652-Black),"1,190",4.3,370,B079Q79FX5
https://www.amazon.in/Zebronics-Techshield-Compartment-15-6-inch-Polyester/dp/B0C6QTMYFG,"Zebronics Techshield A1, 18 Liters, 1 Compartment Laptop Backpack and Front Pocket, fit Up to 15.6-inch Laptop, Polyester Fabric, Office Use and Mini Business Travel Bags (Black)",599,5.0,4,B0C6QTMYFG
https://www.amazon.in/Genie-Heartbeat-compartments-Lightweight-Travelling/dp/B097JJFF6Z,"Genie Heartbeat Backpack for Women 3 compartments, School Bags for Girls, Stylish and Trendy College Backpacks for Girls, Water Resistant and Lightweight Bags for Office and Travelling Purpose.",753,4.4,297,B097JJFF6Z
https://www.amazon.in/Lavie-Womens-Ushawu-Satchel-Handbag/dp/B0B3J9J9CK,Lavie Women's Ushawu Satchel Bag | Ladies Purse Handbag,"1,099",4.1,7030,B0B3J9J9CK
https://www.amazon.in/ASUS-Backpack-Cross-Dyed-Material-Suitable/dp/B09Q68446F,"ASUS BP4600 Laptop Backpack (Grey), with Cross-dyed Woven Fabric Material, Suitable for up to 40.64 cm (16-inch) Laptop","1,249",4.4,62,B09Q68446F
https://www.amazon.in/Wildcraft-Turnaround-Polyester-Laptop-8903338054702/dp/B012D51GXO,Wildcraft Turnaround Polyester 35 Ltrs Blue Laptop Bag (8903338054702),"1,748",4.4,1222,B012D51GXO
https://www.amazon.in/Hyper-Adam-Rucksack-Backpack-Trekking/dp/B07PJCH3VZ,Hyper Adam 65 LTR Rucksack Travel Backpack for Outdoor Sport Hiking Trekking Bag Camping Rucksack,"1,091",4.2,4224,B07PJCH3VZ
https://www.amazon.in/Lavie-Womens-Ushawu-Satchel-Handbag/dp/B0B3J9J9CK,Lavie Women's Ushawu Satchel Bag | Ladies Purse Handbag,"1,099",4.1,7030,B0B3J9J9CK
https://www.amazon.in/ASUS-Backpack-Cross-Dyed-Material-Suitable/dp/B09Q68446F,"ASUS BP4600 Laptop Backpack (Grey), with Cross-dyed Woven Fabric Material, Suitable for up to 40.64 cm (16-inch) Laptop","1,249",4.4,62,B09Q68446F
https://www.amazon.in/Gear-Classic-Leather-Backpack-LBPCLSLTH0519/dp/B07G4JQX2F,Gear Classic 20L Faux Leather Water Resistant Anti Theft Laptop Bag/Backpack for Men/Women (Navy-Tan),979,4.4,6586,B07G4JQX2F
https://www.amazon.in/Wildcraft-Turnaround-Polyester-Laptop-8903338054702/dp/B012D51GXO,Wildcraft Turnaround Polyester 35 Ltrs Blue Laptop Bag (8903338054702),"1,748",4.4,1222,B012D51GXO
https://www.amazon.in/Hyper-Adam-Rucksack-Backpack-Trekking/dp/B07PJCH3VZ,Hyper Adam 65 LTR Rucksack Travel Backpack for Outdoor Sport Hiking Trekking Bag Camping Rucksack,"1,091",4.2,4224,B07PJCH3VZ
https://www.amazon.in/Arctic-Fox-Kobra-Laptop-Backpack/dp/B09GPHHZPW,Arctic Fox Kobra Gamer Laptop Backpack (Black),"1,997",4.5,828,B09GPHHZPW
https://www.amazon.in/American-Tourister-Casual-Travel-Duffle/dp/B00FRCNRPQ,American Tourister X - Bag Nylon 55 Cms Travel Duffle Bag (Black),"1,899",4.3,676,B00FRCNRPQ
https://www.amazon.in/Arctic-Fox-Backpack-Charging-Laptop/dp/B08RS6FXYT,Arctic Fox Joker Anti Theft Backpack with USB Charging Port 15 Inch Laptop Backpack,"1,815",4.5,268,B08RS6FXYT
https://www.amazon.in/Gear-Bounce-Backpack-Grey-Orange-BKPBOUNCE0604/dp/B097KCLF5F,Gear Bounce 27 Ltrs Water Resistant School Bag/Backpack/College Bag for Men/Women-Grey Orange,614,3.7,494,B097KCLF5F
https://www.amazon.in/HAMMONDS-FLYCATCHER-Laptop-Bag-Men/dp/B083M1QK32,HAMMONDS FLYCATCHER Laptop Bag for Men - Genuine Leather Messenger Shoulder Bag - Fits 14/15.6/16 Inch Laptops - Brown Office Bag - Multiple Pockets -Water Resistant -Executive Bag for Work and Travel,"5,255",4.4,579,B083M1QK32
https://www.amazon.in/Tommy-Hilfiger-Polyester-TH-KENDALL0815/dp/B082PFY9VC,"Tommy Hilfiger Kendall Polyester Duffle Gym Bag - 53CM, Navy + White","1,548",4.4,92,B082PFY9VC
https://www.amazon.in/FALONG-Resistant-Sweat-Proof-Adjustable-Headphone/dp/B0C9HRR6NW,"FALONG Waist Bag for Men & Women Water Resistant Running Waist Pack, Running Belt with Large Capacity, Sweat-Proof Adjustable Elastic Strap and Headphone Hole, Ideal for All Mobile Phones",320,4.7,8,B0C9HRR6NW
https://www.amazon.in/Frantic-Travelling-Backpacks-Preschool-FullBody_SkyElehpant/dp/B0BD5JQX7T,"Frantic Kids Soft Cartoon Animal Travelling School Bag Soft Plush Backpacks Boys Girls Baby for 2 to 5 Years Baby/Boys/Girls Nursery, Preschool, Picnic(FullBody_SkyElehpant)",309,3.5,9,B0BD5JQX7T
https://www.amazon.in/Kuber-Industries-Toiletry-Compartment-KUBMART11928/dp/B08Q91ZY29,Kuber Industries Toiletry Travel Bags Shaving Kit/Pouch/Bag for Men and Women with 2 Main Compartment (Wine)-KUBMART11928,198,4.0,498,B08Q91ZY29
https://www.amazon.in/NORTH-ZONE-Northzone-Business-Messenger/dp/B0C555LQF4,NORTH ZONE Northzone Sling Cross Body Travel Office Business Messenger One Side Shoulder Pouch Bag Money Bag for Men and Women,249,3.8,70,B0C555LQF4
https://www.amazon.in/Harissons-Office-Laptop-Backpacks-Women/dp/B09D3YYYNG,HARISSONS Bags Volt 15.6 inch Office Laptop Backpacks for Men and Women 24 Ltrs with 2 Front Zippered Pockets & Spacious Large Compartments | External USB Gate for easy Charging,"1,504",4.1,273,B09D3YYYNG
https://www.amazon.in/House-Quirk-Flamingo-Portable-Different/dp/B09WJ1N2F2,"House of Quirk Flamingo Makeup Bag Set for Women Portable 3 Different Sizes Toiletry Bag for Travel Daily Use for Women Girl (Flamingo Dark Blue, Set of 3)",389,4.1,85,B09WJ1N2F2
https://www.amazon.in/American-Tourister-Casual-Travel-Duffle/dp/B00FRCNRPQ,American Tourister X - Bag Nylon 55 Cms Travel Duffle Bag (Black),"1,899",4.3,676,B00FRCNRPQ
https://www.amazon.in/Isle-Locada-Hidesign-Womens-Purple/dp/B07T97R1H1,Isle Locada by Hidesign Women's SLING BAG(AUBERGINE/AUBERG),"1,999",4.5,401,B07T97R1H1
https://www.amazon.in/Arctic-Fox-Backpack-Charging-Laptop/dp/B089QC43BB,Arctic Fox Slope Anti Theft 23 L Backpack with USB Charging Port 15 Inch Laptop Backpack (Marble Black),"1,439",4.5,4229,B089QC43BB
https://www.amazon.in/Gear-Bounce-Backpack-Grey-Orange-BKPBOUNCE0604/dp/B097KCLF5F,Gear Bounce 27 Ltrs Water Resistant School Bag/Backpack/College Bag for Men/Women-Grey Orange,614,3.7,494,B097KCLF5F
https://www.amazon.in/ZOUK-Handmade-Leather-Womens-handles/dp/B09QRBF32J,ZOUK Handmade Vegan Leather Women's Office Bag for 15.6 inch Laptop with double handles,"1,699",4.0,76,B09QRBF32J
https://www.amazon.in/Asus-BP1504-15-6-inch-Laptop-Backpack/dp/B0895ZZHKK,Asus BP1504 39.62 cm (15.6-inch) Laptop Backpack (Dark Grey),819,4.2,1738,B0895ZZHKK
https://www.amazon.in/Half-Moon-Resistant-Backpack-Compartment/dp/B0BHX7GY16,Half Moon Large 37L Laptop Bag Backpack for menं Women Boys and Girls Luggage Travel Bags with 17.3 inches Laptop Compartment & Rain Cover,849,3.9,3451,B0BHX7GY16
https://www.amazon.in/Tommy-Hilfiger-Polyester-TH-KENDALL0815/dp/B082PFY9VC,"Tommy Hilfiger Kendall Polyester Duffle Gym Bag - 53CM, Navy + White","1,548",4.4,92,B082PFY9VC
https://www.amazon.in/HP-15-6-inch-Backpack-Pass-Through-793A7AA/dp/B0BYDWD4VL,HP 330 15.6-inch Laptop Backpack/Trolley Pass-Through; Padded Back Panel; Padded air mesh Panel/Hand wash and air Dry/1 Year Limited Warranty (793A7AA),"1,141",4.6,3,B0BYDWD4VL
https://www.amazon.in/Genie-Flamenco2-Backpack-Compatible-Resistant/dp/B08YF1XJXY,"Genie Flamenco Laptop Backpack for Women, 16 inches Office Bag, Sky Blue Stylish and Trendy Bag for Office and College",803,4.4,1152,B08YF1XJXY
https://www.amazon.in/BennettTM-Mystic-Shoulder-Messenger-Repellent/dp/B09321GJXZ,Bennett™ Mystic 15.6 inch (39.6cm) Laptop Briefcase Shoulder Sling Office Business Professional Travel Messenger Bag for Men and Women Water Repellent Formal Executive Bags (Grey) 6 Months Warranty,749,4.0,6465,B09321GJXZ
https://www.amazon.in/Zebronics-Compartment-Backpacks-15-6-inch-Black/dp/B0C6KZS555,"Zebronics Camp1, 14 Liters, 1 Compartment Laptop Backpacks Fit Up to 15.6-inch Laptop, Polyester Fabric, Office Use and Mini Business Travel Bags (Black)",499,3.0,6,B0C6KZS555
https://www.amazon.in/Frantic-Travelling-Backpacks-Preschool-FullBody_SkyElehpant/dp/B0BD5JQX7T,"Frantic Kids Soft Cartoon Animal Travelling School Bag Soft Plush Backpacks Boys Girls Baby for 2 to 5 Years Baby/Boys/Girls Nursery, Preschool, Picnic(FullBody_SkyElehpant)",309,3.5,9,B0BD5JQX7T
https://www.amazon.in/Chic-Buddy-Waterproof-Swimsuits-Toiletries/dp/B09KSBHC18,"Chic Buddy Waterproof Wet Bag, Washable, Reusable for Travel, Beach, Pool, Stroller, Diapers, Dirty Gym Clothes, Wet Swimsuits, Toiletries",309,4.4,400,B09KSBHC18
https://www.amazon.in/NORTH-ZONE-Northzone-Business-Messenger/dp/B0C555LQF4,NORTH ZONE Northzone Sling Cross Body Travel Office Business Messenger One Side Shoulder Pouch Bag Money Bag for Men and Women,249,3.8,70,B0C555LQF4
https://www.amazon.in/BennettTM-Mystic-Shoulder-Messenger-Repellent/dp/B09321GJXZ,Bennett™ Mystic 15.6 inch (39.6cm) Laptop Briefcase Shoulder Sling Office Business Professional Travel Messenger Bag for Men and Women Water Repellent Formal Executive Bags (Grey) 6 Months Warranty,749,4.0,6465,B09321GJXZ
https://www.amazon.in/Zebronics-Compartment-Backpacks-15-6-inch-Black/dp/B0C6KZS555,"Zebronics Camp1, 14 Liters, 1 Compartment Laptop Backpacks Fit Up to 15.6-inch Laptop, Polyester Fabric, Office Use and Mini Business Travel Bags (Black)",499,3.0,6,B0C6KZS555
https://www.amazon.in/Chic-Buddy-Waterproof-Swimsuits-Toiletries/dp/B09KSBHC18,"Chic Buddy Waterproof Wet Bag, Washable, Reusable for Travel, Beach, Pool, Stroller, Diapers, Dirty Gym Clothes, Wet Swimsuits, Toiletries",309,4.4,400,B09KSBHC18
https://www.amazon.in/Tommy-Hilfiger-Polyester-TH-KENDALL0815/dp/B082PFY9VC,"Tommy Hilfiger Kendall Polyester Duffle Gym Bag - 53CM, Navy + White","1,548",4.4,92,B082PFY9VC
https://www.amazon.in/Step-Backpack-Small-Water-Repellant/dp/B088X9M73T,"Mi Step Out 12 L Mini Backpack (Small Size, Sky Blue, Water Repellant)",398,4.1,9712,B088X9M73T
https://www.amazon.in/Storite-Army-Print-Sling-GreenGrey/dp/B09KNMWWPH,"Storite Small Size Army Print Padded Nylon Cross Body Sling bag Office Travel One Side Bag for Men Women (25x19x7cm, GreenGrey)",395,4.1,488,B09KNMWWPH
https://www.amazon.in/TRUE-HUMAN-Anti-Theft-charging-combination/dp/B09H7PK5ML,TRUE HUMAN Anti-Theft and USB charging port backpack with security lock Laptop bag|office bag| for men and women (Grey),649,3.8,1909,B09H7PK5ML
https://www.amazon.in/ADISA-Laptop-Backpack-Office-College/dp/B0BPVCBFM7,ADISA 32L large laptop backpack office bag college travel back pack with rain cover,599,3.9,322,B0BPVCBFM7
https://www.amazon.in/Frantic-Travelling-Backpacks-Preschool-FullBody_SkyElehpant/dp/B0BD5JQX7T,"Frantic Kids Soft Cartoon Animal Travelling School Bag Soft Plush Backpacks Boys Girls Baby for 2 to 5 Years Baby/Boys/Girls Nursery, Preschool, Picnic(FullBody_SkyElehpant)",309,3.5,9,B0BD5JQX7T
https://www.amazon.in/Gear-Black-Laptop-Backpack-BUSCLIMBR0109/dp/B015C73FCA,Gear Climber 35L Water Resistant Office Laptop Bag/Backpack for Men/Women(Black),"1,099",4.0,358,B015C73FCA
https://www.amazon.in/NORTH-ZONE-Northzone-Business-Messenger/dp/B0C555LQF4,NORTH ZONE Northzone Sling Cross Body Travel Office Business Messenger One Side Shoulder Pouch Bag Money Bag for Men and Women,249,3.8,70,B0C555LQF4
https://www.amazon.in/Safari-Overnighter-Resistant-Travelling-All-Purpose/dp/B097JMR4M6,"Safari Seek 32 Ltrs Large Overnighter Travel Laptop Backpack, Water Resistant Spacious Bag for Travelling and Camping, All-Purpose Bag for Business & Leisure- Black","1,959",4.4,275,B097JMR4M6
https://www.amazon.in/Tabelito-NEO-Backpack-Business-Compartment/dp/B0C2D24G29,"Tabelito® NEO 3O L Water Resistant Laptop/College/Office/School/Travel/Business Bag, Unisex Backpack for Men Women Fits Up to 15.6 Inch Laptop Notebook.",399,4.0,191,B0C2D24G29
https://www.amazon.in/Safari-Laptop-Backpack-Compartments-Resistant/dp/B09B27GN41,"Safari Snap 35 Ltrs Large Laptop Backpack With 3 Compartments, Water Resistant Fabric - Blue (SNAP19CBBLU)","1,109",3.8,594,B09B27GN41
https://www.amazon.in/Tabelito-NEXA-Backpack-Business-Compartment/dp/B0C2D4KWQ6,"Tabelito® NEXA 3O L Water Resistant Laptop/College/Office/School/Travel/Business Bag, Unisex Backpack for Men Women Fits Up to 15.6 Inch Laptop Notebook. (GREY)",399,4.2,115,B0C2D4KWQ6
https://www.amazon.in/Hilfiger-Laptop-Backpack-TH-FERNLAYLAP07/dp/B07P3F44K6,Tommy Hilfiger 27 Ltrs,"1,924",3.9,31,B07P3F44K6
https://www.amazon.in/Right-Choice-Stylish-College-Backpack/dp/B07ZVXDHCK,RIGHT CHOICE quality stylish casual backpack daily use unisex typography college bags (Boys and Girls),315,3.5,986,B07ZVXDHCK
https://www.amazon.in/Gear-Black-Laptop-Backpack-BUSCLIMBR0109/dp/B015C73FCA,Gear Climber 35L Water Resistant Office Laptop Bag/Backpack for Men/Women(Black),"1,099",4.0,358,B015C73FCA
https://www.amazon.in/Gear-DOUBLE-DECKER-Resistant-Backpack/dp/B0BTJ3WTMV,Gear DOUBLE DECKER 31L Water Resistant Laptop Bag/Backpack/Office Bag for Men/Women (Black),"1,399",4.0,31,B0BTJ3WTMV
https://www.amazon.in/Storite-Cross-Travel-Dark-Grey/dp/B07PFF4RYC,Storite Stylish Padded Small Nylon Sling Cross Body Travel Office Business Messenger One Side Shoulder Bag for Men Women (25x16x7.5cm) (Dark Grey),395,4.1,8665,B07PFF4RYC
https://www.amazon.in/Genie-Moonlight-compartments-Lightweight-Travelling/dp/B097PGGTNJ,"Genie Moonlight Laptop Backpack for Women, 3 compartments, Water Resistant and Lightweight Bags for Office and Travelling Purpose. 36 litres. (19 inch) Black colour","1,004",3.0,4,B097PGGTNJ
https://www.amazon.in/Fur-Jaden-resistant-Backpack-BM100_Brown/dp/B07P5X6NSN,FUR JADEN Vegan Leather 30L 15.6 Inch Laptop Backpack for Men Women for Office Professionals and College Students,839,4.2,2345,B07P5X6NSN
https://www.amazon.in/Lenovo-Professional-Backpack-Water-resistant-Uncompromised/dp/B08R7S55H4,"Lenovo 15.6"" Professional Backpack, Made in India, Water-resistant,Uncompromised storage, Travel friendly:Fleece-lined PC compartment,Vented,Padded BackPanel & Adjustable shoulder straps,Luggage strap","1,337",4.2,994,B08R7S55H4
https://www.amazon.in/BEAUTY-GIRLS-HOTSHOT1566-Backpack-Waterproof/dp/B0BG36CZD9,BEAUTY GIRLS BY HOTSHOT1566|School Bag|Tuition Bag|College Backpack|ForGirls&Women|17Inch|32L Waterproof School Bag,740,4.1,196,B0BG36CZD9
https://www.amazon.in/American-Tourister-Unisex-Laptop-Backpack/dp/B0C8649NY8,"American Tourister SHAW Unisex Laptop Backpack - Teal, Unisex, 17'' Laptop Compatible with Multi-Level Organizer and External Bottle Pocket","1,689",3.3,10,B0C8649NY8
https://www.amazon.in/Tabelito-NEO-Backpack-Business-Compartment/dp/B0C2D24G29,"Tabelito® NEO 3O L Water Resistant Laptop/College/Office/School/Travel/Business Bag, Unisex Backpack for Men Women Fits Up to 15.6 Inch Laptop Notebook.",399,4.0,191,B0C2D24G29
https://www.amazon.in/Safari-Laptop-Backpack-Compartments-Resistant/dp/B09B27GN41,"Safari Snap 35 Ltrs Large Laptop Backpack With 3 Compartments, Water Resistant Fabric - Blue (SNAP19CBBLU)","1,109",3.8,594,B09B27GN41
https://www.amazon.in/Tabelito-NEXA-Backpack-Business-Compartment/dp/B0C2D4KWQ6,"Tabelito® NEXA 3O L Water Resistant Laptop/College/Office/School/Travel/Business Bag, Unisex Backpack for Men Women Fits Up to 15.6 Inch Laptop Notebook. (GREY)",399,4.2,115,B0C2D4KWQ6
https://www.amazon.in/Skybags-Unisex-Adjustable-Polyester-Backpacks/dp/B0BJ75WR71,Skybags Chase 32L Unisex Adjustable Strap Polyester Red Backpacks,"1,154",4.2,100,B0BJ75WR71
https://www.amazon.in/Shoulder-Lightweight-Duffle-Weekend-Blue-Orange/dp/B09139DYF1,"Aurion Vista Polyester Sports Gym Duffle Bag with Wet Pocket and Shoe Compartment - 1Pc (Blue, 24 Cms) | Lightweight Duffle Bags | Travel Duffel Backpack for Men and Women | Camping | Swimming | Yoga",349,4.0,1098,B09139DYF1
https://www.amazon.in/Gear-Green-Casual-Backpack-BKPECOBP40503/dp/B019HA8DQQ,Gear Eco4 18L Water Resistant School Bag//Backpack/College Bag for Men/Women - Navy Blue,439,4.0,4283,B019HA8DQQ
https://www.amazon.in/Amazon-15-6-Inch-Backpack-College-Anti-Theft/dp/B0C8NWKRRH,"Amazon Basics Slope 15.6-Inch Laptop Backpack for Office or College, Anti-Theft Design (23 L, Black)",869,4.3,218,B0C8NWKRRH
https://www.amazon.in/American-Tourister-Unisex-Laptop-Backpack/dp/B0C8649NY8,"American Tourister SHAW Unisex Laptop Backpack - Teal, Unisex, 17'' Laptop Compatible with Multi-Level Organizer and External Bottle Pocket","1,689",3.3,10,B0C8649NY8
https://www.amazon.in/Tabelito-NEXA-Backpack-Business-Compartment/dp/B0C2D4KWQ6,"Tabelito® NEXA 3O L Water Resistant Laptop/College/Office/School/Travel/Business Bag, Unisex Backpack for Men Women Fits Up to 15.6 Inch Laptop Notebook. (GREY)",399,4.2,115,B0C2D4KWQ6
https://www.amazon.in/Shoulder-Lightweight-Duffle-Weekend-Blue-Orange/dp/B09139DYF1,"Aurion Vista Polyester Sports Gym Duffle Bag with Wet Pocket and Shoe Compartment - 1Pc (Blue, 24 Cms) | Lightweight Duffle Bags | Travel Duffel Backpack for Men and Women | Camping | Swimming | Yoga",349,4.0,1098,B09139DYF1
https://www.amazon.in/Skybags-Unisex-Adjustable-Polyester-Backpacks/dp/B0BJ75WR71,Skybags Chase 32L Unisex Adjustable Strap Polyester Red Backpacks,"1,154",4.2,100,B0BJ75WR71
https://www.amazon.in/Amazon-15-6-Inch-Backpack-College-Anti-Theft/dp/B0C8NWKRRH,"Amazon Basics Slope 15.6-Inch Laptop Backpack for Office or College, Anti-Theft Design (23 L, Black)",869,4.3,218,B0C8NWKRRH
https://www.amazon.in/Gear-ltr-Black-Orange-DUFPRO2000106/dp/B00Z93WSVW,Gear polyester 44 cms Duffle Bag(DUFPRO2000106_Black),429,4.3,837,B00Z93WSVW
https://www.amazon.in/Half-Moon-Travelling-Rucksack-Compartment/dp/B09WDGZ32L,Half Moon 55 litres Travelling Laptop Bag/Rucksack Backpack for Luggage Travel Journey Trekking Hiking Bags for Men Women Boys and Girls with Laptop Compartment & Rain Cover,979,4.0,579,B09WDGZ32L
https://www.amazon.in/Crossbody-Adjustable-Durable-Water-Resistant-Travel-Friendly/dp/B0C3RFCH37,"Amazon Basics Sling Bag/Crossbody Bag with Adjustable Strap for Daily and Travel Use, Durable, Water-Resistant, Travel-Friendly (Unisex, Black)",349,4.5,1014,B0C3RFCH37
https://www.amazon.in/Gear-Green-Casual-Backpack-BKPECOBP40503/dp/B019HA8DQQ,Gear Eco4 18L Water Resistant School Bag//Backpack/College Bag for Men/Women - Navy Blue,439,4.0,4283,B019HA8DQQ
https://www.amazon.in/ASTRID-Blue-Diamond-Textured-Cotton/dp/B08W5DQ33D,ASTRID Blue Diamond Textured Cotton Tote Bag,589,4.4,226,B08W5DQ33D
https://www.amazon.in/Mokobara-Backpack-litre-Brown-laptop/dp/B095PC3QPV,"MOKOBARA Backpack 15.5"" Inch Laptop Backpack For Women (16 litres ) Improved (2022 - Model)","4,799",4.2,204,B095PC3QPV
https://www.amazon.in/Safari-Overnighter-Expandable-Travelling-All-Purpose/dp/B097JN1VZX,"Safari Seek 45 Ltrs Overnighter Expandable Travel Laptop Backpack with RainCover (Blue), Water Resistant Spacious Bag pack for Travelling and Camping, All-Purpose Bag for Business & Travel","2,039",4.4,199,B097JN1VZX
https://www.amazon.in/Dolfin-Backpack-Charging-Resistant-Compartment/dp/B0C5RNGRBP,"Dolfin WaterProof Unisex Laptop Backpack 32L with USB Charging Port C, 15.6 inch Compartment, Water-Resistant and Scratch Resistant, Premium Material Laptop Office Bag for Men and Women","1,699",5.0,3,B0C5RNGRBP
https://www.amazon.in/bg1905-Capacity-Laptop-Travelling-Backpack/dp/B082MKHDJ1,TSPARK Red Lemon bg1905 15.6 inch 35 LTR Capacity Laptop Bag for Men Travelling Hiking Backpack for Men and Women,"2,799",4.1,96,B082MKHDJ1
https://www.amazon.in/Flamingo-Cosmetic-Sichumaria-Water-Resistant-Organizer/dp/B0B1HNQHXD,Sichumaria Flamingo Cosmetic Bag Portable Travel Makeup Bag for Women Large Travel Water-Resistant Zipper Makeup Organizer for Girls Make Up Bag Brush Bags (Pink),199,3.9,81,B0B1HNQHXD
https://www.amazon.in/Wildcraft-Ltrs-Casual-Backpack-11650-Red/dp/B079DTDN1J,Wildcraft 29 Ltrs Red Casual Backpack (11650-Red),969,4.1,225,B079DTDN1J
https://www.amazon.in/bg1905-Capacity-Laptop-Travelling-Backpack/dp/B082MKHDJ1,TSPARK Red Lemon bg1905 15.6 inch 35 LTR Capacity Laptop Bag for Men Travelling Hiking Backpack for Men and Women,"2,799",4.1,96,B082MKHDJ1
https://www.amazon.in/Flamingo-Cosmetic-Sichumaria-Water-Resistant-Organizer/dp/B0B1HNQHXD,Sichumaria Flamingo Cosmetic Bag Portable Travel Makeup Bag for Women Large Travel Water-Resistant Zipper Makeup Organizer for Girls Make Up Bag Brush Bags (Pink),199,3.9,81,B0B1HNQHXD
https://www.amazon.in/Gear-Green-Casual-Backpack-BKPECOBP40503/dp/B019HA8DQQ,Gear Eco4 18L Water Resistant School Bag//Backpack/College Bag for Men/Women - Navy Blue,439,4.0,4283,B019HA8DQQ
https://www.amazon.in/ASTRID-Blue-Diamond-Textured-Cotton/dp/B08W5DQ33D,ASTRID Blue Diamond Textured Cotton Tote Bag,589,4.4,226,B08W5DQ33D
https://www.amazon.in/F-Gear-Burner-Casual-Laptop-Backpack/dp/B016115VXW,F Gear Burner P8 19 Ltrs White Casual Laptop Backpack,854,4.3,4017,B016115VXW
https://www.amazon.in/Gizga-Essentials-Organizer-Multi-Utility-Cosmetics/dp/B09WVRKYCJ,"Gizga Essentials Travel Toiletry Kit Bag for Men & Women, Travel Organizer Case with Handle & Hook, Premium Zipper, Multiple Pockets, Multi-Utility Pouch for Shaving Makeup Cosmetics, Light Grey",349,4.2,177,B09WVRKYCJ
https://www.amazon.in/Wildcraft-Nylon-Travel-Duffle-11550/dp/B075T81DVW,Wildcraft Nylon 7 inch Green Travel Duffle (11550),891,4.3,18,B075T81DVW
https://www.amazon.in/HP-Backpack-Laptop-Chromebook-1D0M5PA/dp/B08FM6X8KZ,HP 5 ltrs (2 cms)backpack(1D0M5PA_black),"1,499",4.2,1002,B08FM6X8KZ
https://www.amazon.in/Ant-Esports-Knight-protection-Laptop-Dynamic/dp/B0BZ4WCJHR,"Ant Esports Knight Cobra 23, Large 38L Stylish unisex backpack with USB Charging Port, Earphone/Headphone Port, with rain protection cover and reflective strip, fits upto 17"" Laptop-Dynamic Blue",525,3.9,6,B0BZ4WCJHR
https://www.amazon.in/Safari-Overnighter-Expandable-Travelling-All-Purpose/dp/B097JN1VZX,"Safari Seek 45 Ltrs Overnighter Expandable Travel Laptop Backpack with RainCover (Blue), Water Resistant Spacious Bag pack for Travelling and Camping, All-Purpose Bag for Business & Travel","2,039",4.4,199,B097JN1VZX
https://www.amazon.in/Genie-compartments-Resistant-Lightweight-Travelling/dp/B097JJ64SH,"Genie Fringe Laptop Backpack for Women, 3 compartments, Stylish and Trendy College Bags for Girls, Water Resistant and Lightweight Bags for Office and Travelling Purpose. 36 litres","1,305",4.5,15,B097JJ64SH
https://www.amazon.in/FunBlast-Mens-Womens-Sling-Multicolour/dp/B09N42KLNX,"FunBlast Unicorn Pop it Sling Bag - Crossbody Bag for Kids, Pop it Purse for Girls, Pop It Bag for Girls, Pop it Bag for Girls, (Pack of 1 Pcs Random Color)",351,3.6,205,B09N42KLNX
https://www.amazon.in/Wildcraft-Ltrs-Casual-Backpack-11650-Red/dp/B079DTDN1J,Wildcraft 29 Ltrs Red Casual Backpack (11650-Red),969,4.1,225,B079DTDN1J
https://www.amazon.in/Kuber-Industries-Embroidery-Occasions-HS_38_KUBMART21477/dp/B095C9DPDM,"Kuber Industries Embroidery Small Hand Bag, Tote Bag, Purse For Daily Trips, Travel, Office & All Occasions For Women & Girls (Gold)-HS_38_KUBMART21477",148,3.5,75,B095C9DPDM
https://www.amazon.in/Wildcraft-Polyester-Black-Laptop-8903338054290/dp/B012D4QKHW,Wildcraft 44 cms Polyester Black Laptop Bag (8903338054290),"1,635",4.3,686,B012D4QKHW
https://www.amazon.in/COSMUS-Polyester-Multi-functional-Convertible-15-6-Inch/dp/B07D1R1K84,COSMUS Agility Convertible Backpack Messenger Bag Shoulder bag Laptop Case Handbag Business Briefcase Multi-functional Travel Bag Fits 15.6 Inch Laptop,"2,255",4.2,980,B07D1R1K84
https://www.amazon.in/FunBlast-Mens-Womens-Sling-Multicolour/dp/B09N42KLNX,"FunBlast Unicorn Pop it Sling Bag - Crossbody Bag for Kids, Pop it Purse for Girls, Pop It Bag for Girls, Pop it Bag for Girls, (Pack of 1 Pcs Random Color)",351,3.6,205,B09N42KLNX
https://www.amazon.in/ASTRID-Blue-Diamond-Textured-Cotton/dp/B08W5DQ33D,ASTRID Blue Diamond Textured Cotton Tote Bag,589,4.4,226,B08W5DQ33D
https://www.amazon.in/Kuber-Industries-Embroidery-Occasions-HS_38_KUBMART21477/dp/B095C9DPDM,"Kuber Industries Embroidery Small Hand Bag, Tote Bag, Purse For Daily Trips, Travel, Office & All Occasions For Women & Girls (Gold)-HS_38_KUBMART21477",148,3.5,75,B095C9DPDM
https://www.amazon.in/Wildcraft-Polyester-Black-Laptop-8903338054290/dp/B012D4QKHW,Wildcraft 44 cms Polyester Black Laptop Bag (8903338054290),"1,635",4.3,686,B012D4QKHW
https://www.amazon.in/Wildcraft-Nylon-Travel-Duffle-11550/dp/B075T81DVW,Wildcraft Nylon 7 inch Green Travel Duffle (11550),891,4.3,18,B075T81DVW
https://www.amazon.in/COSMUS-Polyester-Multi-functional-Convertible-15-6-Inch/dp/B07D1R1K84,COSMUS Agility Convertible Backpack Messenger Bag Shoulder bag Laptop Case Handbag Business Briefcase Multi-functional Travel Bag Fits 15.6 Inch Laptop,"2,255",4.2,980,B07D1R1K84
https://www.amazon.in/Lunars-Bingo-Laptop-Resistant-48L/dp/B08YZ5XY31,Lunar's Bingo - 48 L Laptop Office/School/Travel/Business Backpack Water Resistant - Fits Up to 15.6 Inch Laptop Notebook with 1 Year Warranty,819,3.9,10105,B08YZ5XY31
https://www.amazon.in/Safari-Overnighter-Expandable-Travelling-All-Purpose/dp/B097JN1VZX,"Safari Seek 45 Ltrs Overnighter Expandable Travel Laptop Backpack with RainCover (Blue), Water Resistant Spacious Bag pack for Travelling and Camping, All-Purpose Bag for Business & Travel","2,039",4.4,199,B097JN1VZX
https://www.amazon.in/PUMA-Laptop-Backpack-IND-Red-Peacoat/dp/B08BTPS12W,Puma unisex-adult PUMA Laptop Backpack IND III Puma Red-Peacoat Laptop,"1,025",2.9,31,B08BTPS12W
https://www.amazon.in/Wildcraft-Ltrs-Casual-Backpack-11650-Red/dp/B079DTDN1J,Wildcraft 29 Ltrs Red Casual Backpack (11650-Red),969,4.1,225,B079DTDN1J
https://www.amazon.in/Amazon-Basics-15-6-Inch-Backpack-College/dp/B0C8NX7HTX,"Amazon Basics Opel 15.6-Inch Laptop Backpack for Office or College (20 L, Black)",639,4.2,146,B0C8NX7HTX
https://www.amazon.in/NOVICZ-HK001-TRAWOC-SKYBLUE-Blue-Rucksack/dp/B079N6KHPJ,"TRAWOC 60 Ltr Trekking Rucksack Travel Bag Hiking Backback, 1 Year Warranty, HK001","1,625",4.3,3934,B079N6KHPJ
https://www.amazon.in/Trunkit-Waterproof-Travelling-Trekking-Backpack/dp/B08GZB73RZ,Trunkit Waterproof Travelling Trekking Hiking Camping Bag Backpack Series 55 litres Mt Calling Rucksack with Rain Cover,559,4.0,1040,B08GZB73RZ
https://www.amazon.in/Wildcraft-Solid-Backpack-Navy-11908/dp/B07N1D9LX8,Wildcraft 35 Ltrs 18 inch Backpack (11908 Navy_Navy),"1,165",4.1,610,B07N1D9LX8
https://www.amazon.in/Girls-1523-Polyester-Designer-Waterproof-Bag-Backpack/dp/B08F9YVKT1,BEAUTY GIRLS BY HOTSHOT 1523 |School Bag|Tuition Bag|College Backpack|ForGirls&Women|32L Waterproof School Bag,799,4.3,840,B08F9YVKT1
https://www.amazon.in/Backpack-Colleges-Luggage-Waterproof-Stylish/dp/B09GYGCK54,URBAN CARRIER Large 45 Liters Medium Backpack for school and colleges laptop bag luggage bag travel bag Unisex office bag for men Waterproof School Bag for girls stylish backpack for men,579,3.9,506,B09GYGCK54
https://www.amazon.in/Wildcraft-Ltrs-Casual-Backpack-11650-Red/dp/B079DTDN1J,Wildcraft 29 Ltrs Red Casual Backpack (11650-Red),969,4.1,225,B079DTDN1J
https://www.amazon.in/LAPTOP-INCHES-BACKPACK-MULTI-COLOURED-BLACK/dp/B0CCMTX7JG,LAPTOP BAG 20 INCHES | LAPTOP BACKPACK | MULTI-COLOURED LAPTOP BACKPACK,315,,,B0CCMTX7JG
https://www.amazon.in/TRUE-Anti-Theft-backpack-charging-Epower_B/dp/B0BYBDX8VP,"TRUE HUMAN® Emperor Anti-Theft Pocket backpack With USB charging Port Laptop,office,college,travel bag for men and women(Epower)",599,3.6,264,B0BYBDX8VP
https://www.amazon.in/Wildcraft-Solid-Backpack-Navy-11908/dp/B07N1D9LX8,Wildcraft 35 Ltrs 18 inch Backpack (11908 Navy_Navy),"1,162",4.1,610,B07N1D9LX8
https://www.amazon.in/Gear-LOGI-Q-Resistant-Backpack-Teal-Yellow/dp/B0BTJ3QQJM,Gear LOGI-Q 27L Water Resistant Laptop Bag/Backpack/Office Bag for Men/Women (Teal-Yellow),661.,3.0,5,B0BTJ3QQJM
https://www.amazon.in/Girls-1523-Polyester-Designer-Waterproof-Bag-Backpack/dp/B08F9YVKT1,BEAUTY GIRLS BY HOTSHOT 1523 |School Bag|Tuition Bag|College Backpack|ForGirls&Women|32L Waterproof School Bag,799,4.3,840,B08F9YVKT1
https://www.amazon.in/Backpack-Colleges-Luggage-Waterproof-Stylish/dp/B09GYGCK54,URBAN CARRIER Large 45 Liters Medium Backpack for school and colleges laptop bag luggage bag travel bag Unisex office bag for men Waterproof School Bag for girls stylish backpack for men,579,3.9,506,B09GYGCK54
https://www.amazon.in/Wildcraft-Packs18-Laptop-Backpack-ACE/dp/B07GNK6C98,Wildcraft Work Packs'18 25 Ltrs Black Laptop Backpack (Ace),"1,439",4.5,158,B07GNK6C98
https://www.amazon.in/BEST-DEAL-Womens-Backpack-College/dp/B08FYRN2SL,BEST DEAL 25 ltrs (5 Cms) backpack(AASHISHIMPEXGREY_grey),334,3.6,894,B08FYRN2SL
https://www.amazon.in/POLESTAR-Backpack-compartment-suitable-warranty/dp/B09XT8DF2H,"POLESTAR Dynamic 25 L Bag for College, School, Office, Casual Backpack with 15.6"" Laptop Compartment, Unisex, Stylish & Durable, 1 year warranty",749,3.5,293,B09XT8DF2H
https://www.amazon.in/Wildcraft-Solid-Backpack-Navy-11911/dp/B07ZJ79ZCJ,Wildcraft WC 2 Solid Backpack Navy (11911),"1,374",4.1,192,B07ZJ79ZCJ
https://www.amazon.in/Wildcraft-Hopper-Laptop-Backpack-Blue/dp/B07YNL6H8H,Wildcraft Hopper 1.0 Laptop Backpack 24L (Blue),"1,355",4.4,10,B07YNL6H8H
https://www.amazon.in/Skybags-Cardiff-Polyester-Travel-DFTCAR62EBLU/dp/B073JZ9QGR,Skybags Cardiff Polyester 63.5 cms Blue Travel Duffle,"2,009",4.2,5657,B073JZ9QGR
https://www.amazon.in/Skybags-Cardiff-Polyester-Travel-DFTCAR62ERED/dp/B073JSGMRS,Skybags Cardiff Polyester 63.5 Cms Travel Duffle Bag (Red),"1,908",4.2,5022,B073JSGMRS
https://www.amazon.in/HOEXL-Expandable-Laptop-Backpack-Water-resistant/dp/B0C3J2RLHP,"HOEXL 42L Expandable Laptop Backpack - Premium Laptop Backpacks for Men, Women for Travel, School, College - Tech Bag with USB - Bagpacker Bag for Men, 17 inch Laptop Bags for Multipurpose with Water-resistant, Smart Bag with Multiple Compartments","2,699",5.0,33,B0C3J2RLHP
https://www.amazon.in/Wildcraft-Backpack-Pacto-4-0-Black/dp/B0C4Y9SBW2,"Wildcraft Laptop Backpack Pacto 4.0 Plus (Black, Grey)","3,495",3.0,1,B0C4Y9SBW2
https://www.amazon.in/AirCase-C25-Messenger-Shoulder-Compartments/dp/B07X6DV3VM,"AirCase Office Messenger Sling Bag fits upto 15.6"" Laptop/Macbook, Detachable Shoulder Strap, Waterproof, Shockproof, Carry Handle with Spacious Pockets, For Men & Women, Blue- with Warranty",949,3.9,1354,B07X6DV3VM
https://www.amazon.in/Wildcraft-Laptop-Trident-XL-2_Black/dp/B019DWD8SQ,Wildcraft Unisex Zipper Closure Laptop Backpack (Black_Free Size),"2,575",4.4,579,B019DWD8SQ
